Time_spent_Alone,Stage_fear,Social_event_attendance,Going_outside,Drained_after_socializing,Friends_circle_size,Post_frequency,Personality
4.505816002819881,1.0,3.0,0.0,1.0,2.0,1.0,1
8.0,1.0,2.0,2.0,1.0,1.0,0.0,1
8.0,1.0,0.0,1.0,1.0,1.0,3.564726631393298,1
6.0,1.0,3.0,1.0,1.0,4.0,0.0,1
10.0,1.0,0.0,0.0,1.0,5.0,2.0,1
11.0,1.0,3.0,2.0,1.0,4.0,1.0,1
7.0,1.0,0.0,1.0,1.0,1.0,0.0,1
9.0,1.0,3.0,0.0,1.0,2.0,0.0,1
11.0,1.0,2.0,2.0,1.0,5.0,0.0,1
4.0,1.0,2.0,2.0,1.0,2.0,2.0,1
7.0,1.0,3.0,2.0,1.0,5.0,0.0,1
10.0,1.0,3.0,1.0,1.0,0.0,0.0,1
10.0,1.0,0.0,1.0,1.0,2.0,2.0,1
4.0,1.0,0.0,2.0,1.0,3.0,1.0,1
8.0,1.0,2.0,2.0,1.0,1.0,0.0,1
8.0,1.0,0.0,1.0,1.0,3.0,0.0,1
6.0,1.0,2.0,0.0,1.0,2.0,0.0,1
9.0,1.0,0.0,1.0,1.0,4.0,1.0,1
8.0,1.0,1.0,0.0,1.0,1.0,0.0,1
10.0,1.0,0.0,2.0,1.0,4.0,0.0,1
9.0,1.0,3.0,2.0,1.0,4.0,0.0,1
11.0,1.0,1.0,0.0,1.0,4.0,1.0,1
6.0,1.0,1.0,2.0,1.0,5.0,2.0,1
4.0,0.0,2.0,1.0,1.0,4.0,1.0,1
10.0,1.0,2.0,0.0,1.0,5.0,0.0,1
9.0,1.0,2.0,1.0,1.0,4.0,2.0,1
6.0,1.0,2.0,1.0,1.0,5.0,2.0,1
4.0,1.0,2.0,1.0,1.0,3.0,0.0,1
7.0,1.0,0.0,0.0,1.0,2.0,1.0,1
7.0,1.0,2.0,2.0,1.0,3.0,1.0,1
4.0,1.0,2.0,2.0,1.0,5.0,1.0,1
7.0,1.0,3.0,1.0,1.0,2.0,0.0,1
6.0,1.0,2.0,2.0,1.0,4.0,2.0,1
9.0,1.0,2.0,0.0,1.0,1.0,2.0,1
9.0,1.0,0.0,2.0,1.0,3.0,2.0,1
8.0,1.0,1.0,1.0,1.0,2.0,2.0,1
8.0,1.0,0.0,1.0,1.0,2.0,0.0,1
6.0,1.0,0.0,0.0,1.0,2.0,2.0,1
8.0,1.0,2.0,2.0,1.0,3.0,1.0,1
6.0,1.0,1.0,0.0,1.0,1.0,0.0,1
11.0,1.0,3.0,0.0,1.0,5.0,0.0,1
8.0,0.0,3.0,3.0,1.0,5.0,0.0,1
10.0,1.0,2.0,1.0,1.0,1.0,2.0,1
4.0,1.0,3.963354474982382,2.0,1.0,3.0,0.0,1
4.0,1.0,0.0,0.0,1.0,3.0,2.0,1
5.0,1.0,0.0,1.0,1.0,4.0,2.0,1
9.0,1.0,2.0,0.0,1.0,3.0,2.0,1
6.0,1.0,1.0,3.0,1.0,3.0,0.0,1
7.0,1.0,2.0,1.0,1.0,1.0,2.0,1
8.0,1.0,0.0,0.0,1.0,0.0,0.0,1
6.0,1.0,3.0,0.0,1.0,0.0,0.0,1
8.0,1.0,2.0,0.0,1.0,5.0,2.0,1
6.0,1.0,0.0,0.0,1.0,0.0,1.0,1
1.0,0.0,8.0,6.0,0.0,12.0,8.0,1
10.0,1.0,3.963354474982382,2.0,0.0,1.0,2.0,1
9.0,0.0,1.0,1.0,1.0,2.0,0.0,1
7.0,1.0,2.0,2.0,1.0,3.0,1.0,1
9.0,1.0,2.0,1.0,1.0,1.0,0.0,1
5.0,1.0,3.0,1.0,1.0,2.0,0.0,1
4.0,1.0,1.0,0.0,1.0,3.0,2.0,1
10.0,1.0,2.0,2.0,1.0,3.0,0.0,1
8.0,1.0,3.0,2.0,1.0,1.0,2.0,1
5.0,1.0,2.0,1.0,1.0,1.0,0.0,1
5.0,1.0,3.0,1.0,1.0,2.0,1.0,1
7.0,1.0,2.0,2.0,1.0,4.0,1.0,1
2.0,0.0,3.963354474982382,4.0,0.0,12.0,5.0,1
9.0,1.0,3.0,0.0,1.0,5.0,0.0,1
5.0,1.0,3.0,2.0,1.0,5.0,1.0,1
9.0,1.0,0.0,2.0,1.0,3.0,1.0,1
8.0,1.0,1.0,1.0,1.0,1.0,0.0,1
8.0,1.0,2.0,2.0,1.0,3.0,1.0,1
6.0,1.0,0.0,0.0,1.0,3.0,2.0,1
8.0,1.0,3.0,3.0,1.0,4.0,2.0,1
10.0,1.0,1.0,2.0,1.0,1.0,2.0,1
6.0,1.0,3.0,1.0,1.0,0.0,1.0,1
6.0,1.0,3.0,0.0,1.0,3.0,0.0,1
11.0,0.0,0.0,2.0,1.0,3.0,2.0,1
7.0,1.0,0.0,1.0,1.0,4.0,2.0,1
9.0,1.0,0.0,2.0,1.0,0.0,2.0,1
9.0,1.0,1.0,0.0,1.0,2.0,0.0,1
7.0,1.0,2.0,1.0,1.0,4.0,0.0,1
4.0,1.0,0.0,0.0,1.0,1.0,0.0,1
10.0,1.0,0.0,0.0,1.0,4.0,0.0,1
2.0,0.0,9.0,5.0,0.0,14.0,7.0,1
4.0,1.0,0.0,2.0,1.0,4.0,0.0,1
10.0,1.0,2.0,0.0,1.0,5.0,1.0,1
9.0,1.0,3.0,1.0,1.0,3.0,0.0,1
4.505816002819881,1.0,1.0,0.0,0.0,5.0,1.0,1
6.0,1.0,0.0,1.0,1.0,3.0,2.0,1
7.0,1.0,3.963354474982382,1.0,1.0,0.0,2.0,1
5.0,1.0,3.0,2.0,1.0,3.0,1.0,1
9.0,1.0,0.0,1.0,1.0,3.0,1.0,1
5.0,1.0,1.0,0.0,1.0,4.0,0.0,1
8.0,1.0,1.0,1.0,1.0,3.0,0.0,1
9.0,1.0,0.0,0.0,1.0,2.0,0.0,1
7.0,1.0,2.0,0.0,1.0,4.0,1.0,1
7.0,1.0,3.0,2.0,1.0,2.0,1.0,1
4.0,1.0,2.0,1.0,1.0,2.0,1.0,1
2.0,0.0,7.0,6.0,0.0,14.0,8.0,1
8.0,1.0,1.0,0.0,1.0,4.0,2.0,1
6.0,1.0,3.0,2.0,1.0,1.0,1.0,1
5.0,1.0,2.0,2.0,1.0,5.0,2.0,1
4.0,1.0,2.0,2.0,1.0,3.0,2.0,1
8.0,1.0,3.0,2.0,1.0,5.0,0.0,1
6.0,0.0,3.0,3.0,1.0,3.0,1.0,1
10.0,1.0,1.0,2.0,1.0,2.0,2.0,1
10.0,1.0,2.0,2.0,1.0,3.0,0.0,1
10.0,1.0,3.0,2.0,1.0,2.0,1.0,1
8.0,1.0,2.0,1.0,1.0,3.0,2.0,1
3.0,0.0,9.0,5.0,0.0,9.0,5.0,1
9.0,1.0,1.0,1.0,1.0,2.0,0.0,1
4.505816002819881,0.0,0.0,2.0,1.0,6.268862911795962,2.0,1
6.0,1.0,2.0,2.0,1.0,5.0,2.0,1
5.0,1.0,1.0,3.0,1.0,3.0,3.0,1
6.0,1.0,1.0,2.0,1.0,4.0,0.0,1
7.0,1.0,0.0,1.0,1.0,1.0,2.0,1
6.0,1.0,3.0,1.0,1.0,0.0,0.0,1
10.0,1.0,0.0,1.0,1.0,1.0,1.0,1
1.0,0.0,7.0,5.0,0.0,14.0,8.0,1
8.0,1.0,2.0,2.0,1.0,6.268862911795962,1.0,1
6.0,1.0,0.0,1.0,1.0,2.0,2.0,1
4.0,1.0,0.0,1.0,1.0,3.0,0.0,1
5.0,1.0,2.0,0.0,1.0,2.0,0.0,1
8.0,1.0,0.0,1.0,1.0,0.0,2.0,1
5.0,1.0,2.0,3.0,1.0,2.0,0.0,1
5.0,1.0,1.0,3.0,1.0,1.0,0.0,1
7.0,1.0,2.0,3.0,1.0,1.0,2.0,1
10.0,1.0,1.0,2.0,1.0,3.0,0.0,1
4.0,1.0,2.0,1.0,1.0,3.0,2.0,1
8.0,1.0,3.963354474982382,0.0,1.0,6.268862911795962,3.564726631393298,1
9.0,1.0,2.0,1.0,1.0,0.0,2.0,1
4.0,1.0,0.0,0.0,1.0,3.0,1.0,1
4.0,1.0,1.0,2.0,1.0,2.0,1.0,1
8.0,1.0,1.0,1.0,1.0,1.0,0.0,1
8.0,1.0,1.0,0.0,1.0,2.0,1.0,1
5.0,1.0,2.0,2.0,1.0,1.0,2.0,1
5.0,1.0,1.0,0.0,1.0,5.0,1.0,1
11.0,1.0,3.0,1.0,1.0,2.0,0.0,1
10.0,1.0,0.0,1.0,1.0,4.0,0.0,1
8.0,1.0,0.0,2.0,1.0,4.0,0.0,1
11.0,1.0,1.0,2.0,0.0,4.0,2.0,1
7.0,1.0,0.0,2.0,1.0,2.0,1.0,1
11.0,1.0,1.0,1.0,1.0,1.0,3.564726631393298,1
5.0,1.0,2.0,2.0,1.0,0.0,3.0,1
7.0,1.0,0.0,0.0,1.0,3.0,1.0,1
4.0,1.0,0.0,0.0,1.0,3.0,1.0,1
6.0,1.0,0.0,0.0,1.0,3.0,1.0,1
5.0,1.0,3.0,0.0,1.0,1.0,0.0,1
10.0,1.0,3.0,1.0,1.0,4.0,1.0,1
9.0,1.0,3.0,2.0,1.0,3.0,2.0,1
10.0,1.0,3.0,1.0,1.0,2.0,2.0,1
9.0,1.0,0.0,0.0,1.0,0.0,3.0,1
8.0,1.0,3.0,0.0,1.0,6.268862911795962,1.0,1
7.0,1.0,1.0,2.0,1.0,5.0,2.0,1
10.0,1.0,1.0,0.0,1.0,2.0,1.0,1
10.0,1.0,1.0,0.0,1.0,1.0,2.0,1
9.0,1.0,1.0,1.0,1.0,2.0,0.0,1
9.0,1.0,0.0,0.0,1.0,3.0,2.0,1
9.0,1.0,0.0,1.0,1.0,2.0,1.0,1
11.0,1.0,0.0,2.0,1.0,2.0,0.0,1
3.0,0.0,4.0,4.0,0.0,14.0,7.0,1
9.0,1.0,0.0,2.0,1.0,1.0,0.0,1
11.0,1.0,2.0,2.0,1.0,2.0,2.0,1
10.0,1.0,2.0,0.0,1.0,6.268862911795962,2.0,1
10.0,1.0,1.0,0.0,1.0,1.0,0.0,1
9.0,1.0,2.0,1.0,1.0,3.0,2.0,1
6.0,1.0,3.0,0.0,1.0,5.0,0.0,1
11.0,1.0,2.0,0.0,1.0,5.0,0.0,1
5.0,1.0,2.0,0.0,1.0,4.0,0.0,1
7.0,1.0,3.0,2.0,1.0,2.0,1.0,1
8.0,1.0,1.0,1.0,1.0,5.0,2.0,1
10.0,1.0,3.0,2.0,1.0,2.0,0.0,1
5.0,1.0,3.0,0.0,1.0,4.0,0.0,1
4.0,1.0,0.0,1.0,1.0,5.0,3.564726631393298,1
0.0,0.0,9.0,6.0,0.0,9.0,9.0,1
11.0,1.0,2.0,2.0,1.0,5.0,0.0,1
5.0,1.0,0.0,0.0,1.0,2.0,1.0,1
7.0,1.0,3.0,2.0,1.0,0.0,0.0,1
6.0,1.0,2.0,1.0,1.0,5.0,2.0,1
11.0,1.0,0.0,0.0,1.0,4.0,1.0,1
7.0,1.0,1.0,1.0,1.0,2.0,0.0,1
9.0,1.0,3.0,1.0,1.0,2.0,0.0,1
11.0,1.0,2.0,0.0,1.0,6.268862911795962,0.0,1
11.0,1.0,1.0,1.0,1.0,0.0,2.0,1
4.0,1.0,3.0,2.0,1.0,3.0,2.0,1
6.0,1.0,2.0,2.0,1.0,4.0,0.0,1
9.0,1.0,1.0,2.0,1.0,2.0,1.0,1
5.0,1.0,1.0,0.0,1.0,5.0,1.0,1
8.0,1.0,0.0,0.0,1.0,3.0,0.0,1
6.0,1.0,1.0,0.0,1.0,4.0,1.0,1
4.505816002819881,1.0,3.0,2.0,1.0,2.0,2.0,1
11.0,1.0,0.0,1.0,1.0,2.0,0.0,1
7.0,1.0,1.0,0.0,1.0,5.0,0.0,1
10.0,1.0,3.0,3.0,1.0,4.0,0.0,1
5.0,0.0,3.0,0.0,1.0,4.0,0.0,1
7.0,1.0,1.0,0.0,1.0,5.0,0.0,1
7.0,1.0,0.0,3.0,1.0,2.0,1.0,1
11.0,1.0,1.0,1.0,1.0,1.0,1.0,1
5.0,1.0,2.0,3.0,1.0,4.0,3.564726631393298,1
8.0,1.0,1.0,1.0,1.0,2.0,3.0,1
9.0,1.0,1.0,0.0,1.0,5.0,2.0,1
11.0,1.0,3.0,2.0,1.0,5.0,2.0,1
10.0,1.0,0.0,1.0,1.0,5.0,3.0,1
5.0,1.0,3.0,0.0,1.0,1.0,1.0,1
4.0,1.0,2.0,0.0,1.0,4.0,1.0,1
10.0,1.0,3.0,2.0,0.0,3.0,2.0,1
7.0,1.0,1.0,0.0,1.0,2.0,0.0,1
7.0,1.0,1.0,2.0,1.0,1.0,1.0,1
7.0,1.0,1.0,0.0,1.0,2.0,2.0,1
7.0,1.0,2.0,1.0,1.0,2.0,2.0,1
10.0,1.0,2.0,2.0,1.0,2.0,1.0,1
8.0,1.0,3.0,3.0,0.0,2.0,0.0,1
7.0,1.0,1.0,0.0,1.0,1.0,0.0,1
4.0,1.0,1.0,2.0,1.0,2.0,2.0,1
7.0,1.0,3.0,2.0,1.0,3.0,2.0,1
7.0,1.0,1.0,1.0,1.0,1.0,1.0,1
5.0,1.0,0.0,2.0,1.0,3.0,1.0,1
7.0,1.0,2.0,0.0,1.0,5.0,0.0,1
11.0,1.0,2.0,1.0,1.0,1.0,1.0,1
4.0,1.0,1.0,1.0,1.0,3.0,2.0,1
8.0,1.0,3.0,0.0,1.0,2.0,1.0,1
9.0,1.0,2.0,3.0,1.0,4.0,2.0,1
7.0,1.0,1.0,0.0,1.0,4.0,0.0,1
8.0,1.0,2.0,2.0,1.0,1.0,1.0,1
11.0,1.0,3.0,1.0,1.0,4.0,0.0,1
9.0,1.0,2.0,0.0,1.0,5.0,0.0,1
4.0,1.0,3.0,2.0,1.0,3.0,2.0,1
7.0,1.0,3.0,0.0,1.0,4.0,1.0,1
7.0,1.0,0.0,1.0,1.0,1.0,0.0,1
2.0,0.0,7.0,4.0,0.0,9.0,5.0,1
11.0,1.0,1.0,0.0,0.0,2.0,0.0,1
10.0,1.0,3.0,2.0,1.0,4.0,2.0,1
10.0,1.0,1.0,2.0,1.0,2.0,0.0,1
9.0,1.0,0.0,2.0,1.0,2.0,2.0,1
7.0,1.0,1.0,2.0,1.0,4.0,2.0,1
5.0,1.0,1.0,0.0,1.0,3.0,2.0,1
7.0,1.0,2.0,1.0,1.0,1.0,2.0,1
9.0,0.0,3.0,1.0,1.0,5.0,1.0,1
9.0,1.0,0.0,0.0,1.0,3.0,0.0,1
7.0,1.0,3.963354474982382,2.0,1.0,3.0,1.0,1
7.0,1.0,2.0,2.0,1.0,1.0,1.0,1
5.0,1.0,0.0,0.0,1.0,5.0,2.0,1
0.0,0.0,9.0,5.0,0.0,14.0,9.0,1
5.0,1.0,3.0,1.0,1.0,5.0,0.0,1
9.0,1.0,0.0,1.0,1.0,3.0,1.0,1
9.0,1.0,0.0,2.0,1.0,2.0,1.0,1
11.0,1.0,2.0,0.0,1.0,4.0,1.0,1
4.505816002819881,1.0,0.0,1.0,1.0,3.0,1.0,1
11.0,1.0,3.0,0.0,1.0,2.0,2.0,1
9.0,1.0,2.0,2.0,1.0,3.0,0.0,1
4.505816002819881,1.0,3.0,0.0,1.0,2.0,1.0,1
6.0,1.0,1.0,0.0,1.0,3.0,1.0,1
9.0,1.0,2.0,0.0,1.0,2.0,0.0,1
8.0,1.0,0.0,1.0,1.0,0.0,2.0,1
6.0,1.0,3.0,2.0,1.0,2.0,2.0,1
5.0,1.0,1.0,1.0,1.0,5.0,2.0,1
9.0,1.0,2.0,2.0,1.0,3.0,0.0,1
4.0,1.0,2.0,1.0,1.0,2.0,2.0,1
7.0,1.0,0.0,1.0,1.0,2.0,0.0,1
8.0,1.0,2.0,2.0,1.0,5.0,1.0,1
7.0,1.0,2.0,2.0,1.0,5.0,2.0,1
5.0,1.0,3.0,2.0,1.0,3.0,2.0,1
7.0,1.0,3.0,2.0,1.0,1.0,2.0,1
4.505816002819881,1.0,1.0,0.0,1.0,1.0,2.0,1
9.0,1.0,0.0,0.0,1.0,1.0,1.0,1
10.0,1.0,0.0,0.0,1.0,2.0,0.0,1
10.0,1.0,2.0,2.0,1.0,5.0,1.0,1
7.0,1.0,3.0,1.0,1.0,1.0,0.0,1
7.0,1.0,0.0,0.0,1.0,5.0,1.0,1
6.0,1.0,1.0,3.0,1.0,3.0,3.0,1
9.0,1.0,3.0,0.0,1.0,5.0,1.0,1
9.0,1.0,2.0,3.0,1.0,0.0,1.0,1
11.0,1.0,2.0,2.0,1.0,2.0,0.0,1
4.505816002819881,1.0,3.0,1.0,1.0,4.0,2.0,1
0.0,0.0,7.0,7.0,0.0,13.0,6.0,1
8.0,1.0,0.0,0.0,1.0,5.0,2.0,1
8.0,1.0,0.0,1.0,1.0,4.0,0.0,1
5.0,1.0,3.0,1.0,1.0,5.0,2.0,1
6.0,1.0,2.0,0.0,1.0,1.0,2.0,1
1.0,0.0,6.0,7.0,0.0,8.0,6.0,1
6.0,1.0,0.0,2.0,1.0,1.0,2.0,1
6.0,1.0,3.0,2.0,1.0,1.0,3.564726631393298,1
4.0,1.0,1.0,2.0,1.0,1.0,2.0,1
8.0,1.0,0.0,2.0,1.0,1.0,1.0,1
10.0,1.0,3.0,1.0,1.0,2.0,1.0,1
7.0,1.0,1.0,2.0,1.0,4.0,2.0,1
11.0,1.0,2.0,2.0,1.0,5.0,1.0,1
10.0,1.0,1.0,1.0,1.0,2.0,2.0,1
7.0,1.0,1.0,0.0,1.0,2.0,2.0,1
8.0,1.0,3.0,2.0,1.0,3.0,2.0,1
10.0,1.0,2.0,0.0,1.0,4.0,0.0,1
9.0,1.0,3.0,0.0,1.0,5.0,1.0,1
5.0,1.0,0.0,2.0,1.0,5.0,1.0,1
4.505816002819881,1.0,3.0,0.0,1.0,5.0,0.0,1
11.0,1.0,2.0,2.0,1.0,1.0,0.0,1
8.0,1.0,0.0,0.0,1.0,4.0,0.0,1
5.0,1.0,2.0,0.0,1.0,0.0,1.0,1
4.505816002819881,1.0,2.0,2.0,1.0,1.0,2.0,1
6.0,1.0,2.0,1.0,1.0,2.0,1.0,1
11.0,1.0,0.0,2.0,1.0,2.0,1.0,1
5.0,0.0,3.0,2.0,1.0,3.0,2.0,1
8.0,1.0,2.0,0.0,1.0,3.0,2.0,1
5.0,1.0,2.0,0.0,1.0,4.0,2.0,1
2.0,0.0,8.0,6.0,0.0,14.0,3.0,1
9.0,1.0,1.0,0.0,1.0,0.0,0.0,1
9.0,1.0,2.0,0.0,1.0,4.0,1.0,1
5.0,1.0,1.0,1.0,1.0,5.0,0.0,1
5.0,1.0,3.0,3.0,1.0,1.0,0.0,1
10.0,1.0,0.0,1.0,1.0,1.0,2.0,1
9.0,1.0,2.0,1.0,1.0,4.0,1.0,1
9.0,1.0,1.0,2.0,1.0,0.0,2.0,1
8.0,1.0,0.0,0.0,1.0,1.0,2.0,1
5.0,1.0,0.0,1.0,1.0,4.0,1.0,1
10.0,1.0,2.0,2.0,1.0,2.0,1.0,1
5.0,1.0,0.0,1.0,1.0,4.0,1.0,1
8.0,1.0,0.0,0.0,1.0,1.0,1.0,1
5.0,1.0,1.0,0.0,1.0,2.0,2.0,1
4.505816002819881,1.0,3.0,2.0,1.0,5.0,2.0,1
8.0,1.0,2.0,1.0,1.0,3.0,2.0,1
6.0,1.0,2.0,0.0,1.0,6.268862911795962,2.0,1
6.0,1.0,3.0,1.0,1.0,4.0,1.0,1
6.0,1.0,3.0,2.0,1.0,0.0,2.0,1
4.0,1.0,0.0,0.0,1.0,1.0,2.0,1
6.0,1.0,1.0,2.0,1.0,5.0,0.0,1
0.0,0.0,8.0,6.0,0.0,11.0,5.0,1
5.0,1.0,1.0,0.0,1.0,1.0,0.0,1
7.0,1.0,1.0,1.0,1.0,2.0,2.0,1
6.0,1.0,1.0,0.0,1.0,4.0,0.0,1
9.0,1.0,0.0,1.0,1.0,2.0,1.0,1
4.505816002819881,0.0,1.0,2.0,1.0,4.0,2.0,1
8.0,1.0,0.0,0.0,1.0,5.0,0.0,1
9.0,1.0,3.0,2.0,1.0,4.0,2.0,1
7.0,1.0,2.0,0.0,1.0,3.0,1.0,1
7.0,1.0,2.0,0.0,1.0,1.0,1.0,1
8.0,1.0,2.0,0.0,1.0,1.0,1.0,1
6.0,1.0,3.0,1.0,1.0,0.0,1.0,1
11.0,1.0,2.0,1.0,1.0,3.0,1.0,1
1.0,0.0,9.0,5.0,0.0,8.0,7.0,1
6.0,1.0,1.0,1.0,1.0,0.0,0.0,1
2.0,0.0,8.0,4.0,0.0,10.0,4.0,1
7.0,1.0,1.0,0.0,1.0,0.0,2.0,1
5.0,1.0,0.0,2.0,1.0,1.0,1.0,1
9.0,1.0,0.0,0.0,1.0,4.0,2.0,1
4.0,1.0,0.0,2.0,1.0,1.0,0.0,1
5.0,1.0,0.0,0.0,1.0,1.0,2.0,1
1.0,0.0,8.0,5.0,0.0,11.0,8.0,1
10.0,1.0,0.0,0.0,1.0,2.0,1.0,1
8.0,1.0,3.0,1.0,1.0,2.0,2.0,1
9.0,1.0,3.0,1.0,1.0,1.0,0.0,1
4.505816002819881,1.0,3.0,0.0,1.0,5.0,2.0,1
8.0,1.0,0.0,0.0,1.0,2.0,0.0,1
5.0,1.0,1.0,2.0,1.0,3.0,2.0,1
9.0,1.0,0.0,2.0,1.0,1.0,0.0,1
8.0,1.0,3.0,0.0,1.0,3.0,0.0,1
8.0,1.0,1.0,0.0,1.0,1.0,1.0,1
4.0,1.0,2.0,0.0,1.0,3.0,1.0,1
9.0,1.0,0.0,1.0,1.0,3.0,1.0,1
9.0,1.0,3.0,2.0,0.0,2.0,0.0,1
10.0,1.0,1.0,0.0,1.0,5.0,1.0,1
7.0,1.0,3.963354474982382,0.0,1.0,1.0,0.0,1
9.0,1.0,0.0,0.0,1.0,5.0,0.0,1
5.0,1.0,1.0,0.0,1.0,5.0,1.0,1
11.0,1.0,2.0,2.0,1.0,3.0,0.0,1
5.0,1.0,3.0,1.0,1.0,3.0,1.0,1
6.0,1.0,1.0,1.0,1.0,2.0,0.0,1
4.0,1.0,3.0,1.0,1.0,3.0,1.0,1
11.0,1.0,2.0,1.0,1.0,1.0,2.0,1
4.0,1.0,3.0,1.0,1.0,3.0,1.0,1
7.0,1.0,3.0,2.0,1.0,1.0,0.0,1
4.0,1.0,1.0,0.0,1.0,3.0,1.0,1
6.0,1.0,1.0,1.0,1.0,4.0,0.0,1
7.0,1.0,2.0,1.0,1.0,6.268862911795962,1.0,1
7.0,1.0,2.0,0.0,1.0,5.0,1.0,1
7.0,1.0,3.0,3.0,1.0,2.0,0.0,1
9.0,1.0,2.0,1.0,1.0,2.0,0.0,1
10.0,1.0,0.0,1.0,1.0,2.0,1.0,1
10.0,1.0,2.0,1.0,1.0,1.0,2.0,1
6.0,1.0,3.0,1.0,1.0,2.0,0.0,1
11.0,1.0,0.0,1.0,1.0,0.0,1.0,1
8.0,1.0,0.0,2.0,1.0,3.0,2.0,1
6.0,1.0,2.0,0.0,1.0,3.0,2.0,1
10.0,1.0,2.0,2.0,1.0,2.0,0.0,1
4.505816002819881,1.0,3.0,1.0,1.0,4.0,0.0,1
4.0,1.0,2.0,1.0,1.0,4.0,0.0,1
5.0,1.0,0.0,1.0,1.0,2.0,1.0,1
4.0,1.0,2.0,0.0,1.0,3.0,0.0,1
6.0,1.0,3.0,2.0,1.0,3.0,0.0,1
2.0,0.0,7.0,4.0,0.0,12.0,7.0,1
6.0,1.0,2.0,2.0,1.0,2.0,1.0,1
10.0,0.0,0.0,2.0,1.0,3.0,1.0,1
5.0,1.0,3.0,2.0,1.0,1.0,1.0,1
7.0,1.0,3.963354474982382,0.0,1.0,1.0,0.0,1
6.0,1.0,1.0,1.0,1.0,1.0,0.0,1
8.0,1.0,1.0,2.0,1.0,3.0,3.0,1
10.0,1.0,2.0,0.0,1.0,2.0,1.0,1
7.0,1.0,1.0,0.0,1.0,6.268862911795962,1.0,1
5.0,1.0,0.0,0.0,1.0,0.0,2.0,1
7.0,1.0,0.0,0.0,0.0,3.0,1.0,1
9.0,1.0,2.0,0.0,1.0,2.0,1.0,1
10.0,1.0,0.0,1.0,1.0,4.0,2.0,1
10.0,1.0,0.0,1.0,1.0,5.0,1.0,1
6.0,1.0,3.0,1.0,1.0,5.0,1.0,1
6.0,1.0,2.0,1.0,1.0,1.0,1.0,1
9.0,1.0,1.0,2.0,1.0,0.0,0.0,1
6.0,1.0,0.0,0.0,1.0,4.0,1.0,1
7.0,1.0,1.0,1.0,1.0,5.0,2.0,1
11.0,1.0,0.0,2.0,1.0,2.0,2.0,1
9.0,1.0,1.0,2.0,0.0,5.0,1.0,1
11.0,1.0,2.0,0.0,1.0,2.0,0.0,1
8.0,1.0,1.0,2.0,1.0,1.0,0.0,1
7.0,1.0,0.0,2.0,1.0,3.0,0.0,1
10.0,1.0,3.0,1.0,1.0,4.0,3.564726631393298,1
9.0,1.0,3.0,0.0,1.0,5.0,2.0,1
6.0,1.0,3.0,3.0,1.0,4.0,3.0,1
4.0,1.0,3.963354474982382,0.0,1.0,1.0,2.0,1
4.0,1.0,2.0,0.0,1.0,2.0,2.0,1
6.0,1.0,1.0,0.0,0.0,5.0,2.0,1
10.0,1.0,2.0,1.0,1.0,3.0,1.0,1
9.0,1.0,0.0,2.0,1.0,1.0,1.0,1
6.0,1.0,3.0,1.0,1.0,5.0,1.0,1
4.0,1.0,3.0,2.0,1.0,3.0,2.0,1
6.0,1.0,2.0,2.0,0.0,3.0,1.0,1
9.0,1.0,2.0,1.0,1.0,4.0,1.0,1
11.0,1.0,1.0,3.0,1.0,2.0,0.0,1
6.0,1.0,0.0,0.0,1.0,3.0,1.0,1
5.0,1.0,0.0,2.0,1.0,0.0,1.0,1
10.0,1.0,3.0,0.0,1.0,0.0,0.0,1
4.505816002819881,1.0,3.0,2.0,1.0,2.0,1.0,1
10.0,1.0,3.0,2.0,1.0,1.0,2.0,1
4.0,1.0,3.0,3.0,1.0,3.0,2.0,1
1.0,0.0,6.0,6.0,0.0,12.0,8.0,1
8.0,1.0,1.0,2.0,1.0,1.0,1.0,1
6.0,1.0,1.0,0.0,1.0,2.0,0.0,1
5.0,1.0,3.0,3.0,1.0,0.0,1.0,1
7.0,1.0,3.0,0.0,1.0,4.0,2.0,1
4.0,1.0,1.0,0.0,1.0,2.0,0.0,1
4.0,1.0,0.0,1.0,0.0,6.268862911795962,0.0,1
5.0,1.0,3.0,1.0,1.0,3.0,1.0,1
6.0,1.0,3.0,0.0,1.0,4.0,0.0,1
10.0,1.0,2.0,1.0,1.0,5.0,3.0,1
7.0,1.0,1.0,1.0,1.0,3.0,0.0,1
5.0,1.0,2.0,2.0,1.0,3.0,2.0,1
9.0,1.0,0.0,0.0,1.0,2.0,0.0,1
9.0,1.0,3.0,0.0,1.0,1.0,0.0,1
4.505816002819881,1.0,3.0,2.0,1.0,3.0,0.0,1
8.0,1.0,2.0,0.0,1.0,5.0,1.0,1
10.0,1.0,0.0,0.0,1.0,3.0,0.0,1
6.0,1.0,0.0,2.0,1.0,1.0,0.0,1
1.0,0.0,6.0,5.0,0.0,12.0,6.0,1
6.0,1.0,3.0,2.0,1.0,1.0,1.0,1
7.0,1.0,3.963354474982382,0.0,1.0,1.0,2.0,1
10.0,1.0,0.0,2.0,1.0,2.0,2.0,1
2.0,0.0,8.0,7.0,0.0,14.0,7.0,1
4.0,1.0,2.0,1.0,0.0,2.0,2.0,1
9.0,0.0,0.0,2.0,1.0,3.0,0.0,1
5.0,1.0,3.0,0.0,1.0,3.0,1.0,1
7.0,1.0,2.0,2.0,1.0,3.0,1.0,1
6.0,1.0,2.0,1.0,1.0,3.0,2.0,1
6.0,1.0,2.0,1.0,1.0,3.0,0.0,1
6.0,1.0,1.0,3.0,1.0,1.0,3.0,1
9.0,1.0,0.0,1.0,1.0,4.0,2.0,1
6.0,1.0,0.0,3.0,1.0,5.0,2.0,1
4.0,1.0,1.0,2.0,1.0,2.0,0.0,1
11.0,1.0,0.0,2.0,1.0,1.0,2.0,1
7.0,1.0,3.0,1.0,1.0,1.0,1.0,1
10.0,1.0,2.0,0.0,1.0,5.0,2.0,1
2.0,0.0,6.0,7.0,0.0,9.0,5.0,1
9.0,1.0,0.0,2.0,1.0,5.0,2.0,1
8.0,1.0,2.0,1.0,1.0,5.0,2.0,1
7.0,0.0,0.0,0.0,1.0,5.0,2.0,1
7.0,1.0,3.0,0.0,1.0,5.0,2.0,1
6.0,1.0,2.0,0.0,1.0,2.0,1.0,1
7.0,1.0,0.0,0.0,1.0,1.0,0.0,1
1.0,0.0,4.0,5.0,0.0,6.0,7.0,1
11.0,1.0,3.0,1.0,1.0,5.0,2.0,1
7.0,1.0,3.0,0.0,1.0,1.0,0.0,1
10.0,1.0,3.0,2.0,1.0,4.0,1.0,1
6.0,1.0,2.0,0.0,1.0,2.0,0.0,1
9.0,1.0,1.0,0.0,1.0,4.0,1.0,1
4.0,1.0,2.0,1.0,1.0,1.0,1.0,1
0.0,0.0,6.0,4.0,0.0,13.0,6.0,1
10.0,1.0,3.0,1.0,1.0,2.0,0.0,1
6.0,1.0,3.0,3.0,1.0,1.0,0.0,1
9.0,1.0,1.0,1.0,1.0,2.0,2.0,1
6.0,1.0,3.0,2.0,1.0,3.0,1.0,1
10.0,1.0,1.0,0.0,1.0,1.0,1.0,1
11.0,1.0,2.0,1.0,1.0,0.0,0.0,1
9.0,1.0,3.0,3.0,1.0,4.0,2.0,1
4.0,1.0,1.0,0.0,1.0,1.0,2.0,1
10.0,1.0,3.0,3.0,1.0,5.0,3.0,1
10.0,1.0,0.0,2.0,1.0,3.0,2.0,1
10.0,1.0,1.0,0.0,1.0,2.0,1.0,1
11.0,1.0,3.0,2.0,1.0,4.0,0.0,1
11.0,1.0,3.0,0.0,1.0,4.0,0.0,1
10.0,1.0,3.0,0.0,1.0,3.0,1.0,1
0.0,0.0,8.0,7.0,0.0,11.0,7.0,1
9.0,1.0,3.0,1.0,1.0,2.0,2.0,1
11.0,1.0,3.0,2.0,1.0,4.0,1.0,1
4.0,1.0,1.0,2.0,1.0,1.0,1.0,1
8.0,1.0,0.0,1.0,1.0,4.0,2.0,1
9.0,1.0,0.0,0.0,1.0,0.0,0.0,1
8.0,1.0,3.0,1.0,1.0,3.0,2.0,1
11.0,1.0,2.0,1.0,1.0,5.0,1.0,1
11.0,1.0,0.0,2.0,1.0,4.0,2.0,1
9.0,1.0,0.0,2.0,1.0,4.0,0.0,1
4.0,1.0,3.0,1.0,1.0,5.0,0.0,1
7.0,1.0,0.0,1.0,1.0,1.0,0.0,1
5.0,1.0,0.0,1.0,1.0,5.0,0.0,1
11.0,1.0,0.0,0.0,1.0,3.0,0.0,1
8.0,1.0,0.0,2.0,1.0,0.0,0.0,1
5.0,1.0,1.0,2.0,1.0,1.0,1.0,1
8.0,1.0,2.0,2.0,1.0,4.0,0.0,1
8.0,1.0,3.0,1.0,1.0,1.0,2.0,1
8.0,1.0,2.0,1.0,1.0,1.0,1.0,1
7.0,1.0,0.0,2.0,1.0,3.0,0.0,1
8.0,1.0,2.0,2.0,1.0,0.0,0.0,1
11.0,1.0,3.0,2.0,1.0,5.0,0.0,1
4.0,1.0,2.0,1.0,1.0,3.0,1.0,1
10.0,1.0,0.0,0.0,1.0,3.0,0.0,1
5.0,1.0,1.0,0.0,1.0,4.0,2.0,1
4.0,1.0,3.963354474982382,2.0,1.0,6.268862911795962,0.0,1
5.0,1.0,3.0,0.0,1.0,5.0,1.0,1
11.0,1.0,3.963354474982382,2.0,1.0,3.0,2.0,1
7.0,1.0,3.0,0.0,1.0,1.0,2.0,1
2.0,0.0,8.0,6.0,0.0,14.0,9.0,1
11.0,1.0,3.0,0.0,1.0,5.0,2.0,1
11.0,1.0,1.0,1.0,1.0,4.0,2.0,1
10.0,1.0,2.0,0.0,1.0,0.0,2.0,1
8.0,1.0,2.0,1.0,1.0,5.0,1.0,1
6.0,1.0,3.0,1.0,1.0,4.0,1.0,1
7.0,1.0,2.0,2.0,1.0,0.0,0.0,1
7.0,1.0,0.0,3.0,1.0,1.0,0.0,1
4.0,1.0,3.0,1.0,1.0,4.0,1.0,1
10.0,1.0,3.0,1.0,1.0,4.0,1.0,1
5.0,1.0,0.0,1.0,1.0,6.268862911795962,1.0,1
9.0,1.0,0.0,2.0,1.0,3.0,1.0,1
4.0,1.0,1.0,1.0,1.0,1.0,2.0,1
4.0,1.0,2.0,0.0,1.0,5.0,1.0,1
10.0,1.0,3.0,0.0,1.0,2.0,2.0,1
8.0,1.0,2.0,0.0,1.0,5.0,1.0,1
9.0,1.0,0.0,2.0,1.0,3.0,3.564726631393298,1
10.0,1.0,3.0,0.0,1.0,2.0,0.0,1
6.0,1.0,2.0,2.0,1.0,0.0,1.0,1
4.0,0.0,3.0,0.0,0.0,2.0,0.0,1
10.0,1.0,1.0,2.0,1.0,0.0,0.0,1
5.0,1.0,1.0,1.0,1.0,2.0,2.0,1
9.0,1.0,1.0,2.0,1.0,4.0,2.0,1
8.0,1.0,3.0,0.0,1.0,2.0,0.0,1
8.0,1.0,0.0,1.0,1.0,1.0,1.0,1
5.0,1.0,3.963354474982382,0.0,1.0,2.0,2.0,1
9.0,1.0,0.0,2.0,1.0,2.0,2.0,1
4.0,1.0,1.0,1.0,1.0,0.0,1.0,1
5.0,1.0,0.0,1.0,1.0,3.0,2.0,1
5.0,1.0,2.0,0.0,1.0,5.0,0.0,1
4.0,1.0,0.0,2.0,1.0,2.0,0.0,1
9.0,1.0,3.0,2.0,1.0,1.0,2.0,1
11.0,1.0,3.0,0.0,1.0,2.0,2.0,1
8.0,1.0,3.0,2.0,1.0,3.0,0.0,1
9.0,1.0,3.0,1.0,1.0,1.0,2.0,1
4.0,1.0,1.0,0.0,1.0,2.0,0.0,1
4.0,1.0,2.0,0.0,1.0,1.0,1.0,1
9.0,1.0,2.0,0.0,1.0,1.0,2.0,1
4.0,1.0,1.0,0.0,1.0,2.0,2.0,1
5.0,1.0,0.0,0.0,1.0,4.0,0.0,1
11.0,1.0,2.0,1.0,1.0,5.0,2.0,1
7.0,1.0,2.0,2.0,1.0,4.0,0.0,1
8.0,1.0,1.0,0.0,1.0,1.0,0.0,1
5.0,1.0,3.0,0.0,1.0,5.0,0.0,1
7.0,1.0,1.0,2.0,1.0,2.0,0.0,1
4.0,1.0,2.0,1.0,1.0,4.0,2.0,1
10.0,1.0,2.0,1.0,1.0,2.0,1.0,1
7.0,1.0,0.0,0.0,1.0,1.0,2.0,1
10.0,1.0,3.0,2.0,1.0,1.0,2.0,1
5.0,1.0,0.0,0.0,1.0,2.0,0.0,1
4.0,1.0,1.0,1.0,1.0,5.0,1.0,1
11.0,1.0,1.0,3.0,1.0,1.0,0.0,1
5.0,1.0,1.0,2.0,1.0,3.0,3.564726631393298,1
1.0,0.0,8.0,7.0,0.0,14.0,6.0,1
9.0,1.0,0.0,2.0,1.0,1.0,2.0,1
8.0,1.0,1.0,0.0,1.0,1.0,2.0,1
11.0,1.0,0.0,1.0,1.0,5.0,1.0,1
6.0,1.0,2.0,0.0,1.0,5.0,0.0,1
6.0,1.0,2.0,2.0,1.0,5.0,1.0,1
4.0,1.0,1.0,2.0,1.0,5.0,0.0,1
4.0,1.0,0.0,2.0,1.0,1.0,0.0,1
10.0,1.0,1.0,1.0,1.0,4.0,1.0,1
5.0,1.0,3.0,2.0,1.0,2.0,1.0,1
5.0,1.0,2.0,2.0,1.0,2.0,2.0,1
6.0,1.0,0.0,0.0,1.0,1.0,0.0,1
9.0,1.0,0.0,2.0,1.0,3.0,1.0,1
9.0,1.0,3.963354474982382,0.0,1.0,4.0,0.0,1
3.0,0.0,7.0,4.0,0.0,10.0,9.0,1
10.0,1.0,0.0,0.0,1.0,2.0,0.0,1
8.0,1.0,3.0,1.0,1.0,3.0,0.0,1
10.0,1.0,0.0,2.0,1.0,0.0,1.0,1
10.0,1.0,1.0,2.0,1.0,4.0,1.0,1
2.0,0.0,4.0,3.0,0.0,11.0,6.0,0
7.0,1.0,2.0,1.0,1.0,1.0,0.0,0
3.0,0.0,8.0,6.0,0.0,6.0,7.0,0
11.0,1.0,2.0,2.0,1.0,2.0,1.0,0
2.0,0.0,8.0,4.0,0.0,13.0,6.0,0
1.0,0.0,9.0,5.0,0.0,14.0,4.0,0
3.0,0.0,4.0,6.0,0.0,6.0,6.0,0
2.0,0.0,7.0,6.0,0.0,6.0,7.0,0
0.0,0.0,4.0,4.0,0.0,12.0,5.0,0
1.0,0.0,4.0,4.0,0.0,10.0,3.564726631393298,0
1.0,0.0,7.0,3.0,0.0,9.0,3.0,0
1.0,0.0,6.0,4.0,0.0,10.0,6.0,0
2.0,0.0,4.0,4.0,0.0,7.0,9.0,0
3.0,0.0,6.0,4.0,0.0,6.268862911795962,6.0,0
0.0,0.0,8.0,5.0,0.0,10.0,5.0,0
2.0,0.0,5.0,5.0,0.0,8.0,9.0,0
3.0,0.0,3.963354474982382,5.0,0.0,8.0,7.0,0
0.0,0.0,8.0,5.0,0.0,9.0,8.0,0
0.0,0.0,7.0,3.0,0.0,12.0,4.0,0
2.0,0.0,7.0,4.0,0.0,12.0,3.0,0
0.0,0.0,4.0,5.0,0.0,11.0,8.0,0
0.0,0.0,5.0,4.0,0.0,9.0,4.0,0
2.0,0.0,6.0,5.0,0.0,7.0,9.0,0
3.0,0.0,8.0,5.0,0.0,11.0,6.0,0
0.0,0.0,4.0,3.0,0.0,5.0,4.0,0
0.0,0.0,6.0,4.0,0.0,14.0,9.0,0
1.0,0.0,4.0,5.0,0.0,13.0,5.0,0
3.0,0.0,6.0,4.0,0.0,8.0,9.0,0
3.0,0.0,9.0,4.0,0.0,8.0,3.0,0
1.0,0.0,4.0,4.0,0.0,11.0,6.0,0
1.0,0.0,7.0,5.0,0.0,8.0,3.0,0
0.0,0.0,3.0,6.0,0.0,8.0,6.0,0
0.0,0.0,3.0,4.0,0.0,6.0,5.0,0
0.0,0.0,6.0,5.0,0.0,12.0,5.0,0
1.0,0.0,6.0,5.0,0.0,6.268862911795962,9.0,0
3.0,0.0,5.0,7.0,0.0,9.0,4.0,0
2.0,0.0,3.0,6.0,0.0,4.0,5.0,0
3.0,0.0,6.0,5.0,0.0,8.0,6.0,0
0.0,0.0,7.0,3.0,0.0,10.0,4.0,0
2.0,0.0,4.0,5.0,0.0,8.0,3.0,0
1.0,0.0,8.0,5.0,0.0,14.0,7.0,0
2.0,0.0,5.0,4.0,0.0,13.0,6.0,0
1.0,0.0,9.0,6.0,0.0,14.0,9.0,0
3.0,0.0,6.0,3.0,0.0,8.0,7.0,0
2.0,0.0,5.0,6.0,0.0,7.0,6.0,0
0.0,0.0,6.0,4.0,0.0,7.0,5.0,0
1.0,0.0,4.0,6.0,0.0,6.0,9.0,0
3.0,0.0,3.0,4.0,0.0,4.0,8.0,0
3.0,0.0,5.0,6.0,0.0,12.0,7.0,0
3.0,0.0,9.0,7.0,0.0,14.0,4.0,0
3.0,0.0,9.0,3.0,0.0,8.0,4.0,0
0.0,0.0,4.0,6.0,0.0,8.0,9.0,0
1.0,0.0,8.0,5.0,0.0,11.0,7.0,0
2.0,0.0,6.0,5.0,0.0,8.0,8.0,0
3.0,0.0,8.0,6.0,0.0,7.0,9.0,0
3.0,0.0,5.0,4.0,0.0,9.0,5.0,0
0.0,0.0,4.0,4.0,0.0,14.0,9.0,0
0.0,0.0,8.0,4.0,0.0,9.0,3.0,0
4.0,0.0,7.0,6.0,0.0,7.0,9.0,0
1.0,0.0,4.0,6.0,0.0,13.0,4.0,0
1.0,0.0,6.0,4.0,0.0,5.0,6.0,0
1.0,0.0,7.0,4.0,0.0,14.0,4.0,0
1.0,0.0,5.0,7.0,0.0,9.0,7.0,0
1.0,0.0,5.0,4.0,0.0,7.0,6.0,0
0.0,0.0,9.0,5.0,0.0,13.0,7.0,0
3.0,0.0,3.963354474982382,6.0,0.0,12.0,6.0,0
4.0,0.0,10.0,7.0,0.0,8.0,10.0,0
0.0,0.0,9.0,5.0,0.0,14.0,4.0,0
1.0,0.0,7.0,6.0,0.0,8.0,7.0,0
10.0,1.0,2.0,1.0,1.0,3.0,1.0,0
4.0,0.0,9.0,5.0,0.0,10.0,7.0,0
0.0,0.0,8.0,5.0,0.0,15.0,8.0,0
0.0,0.0,8.0,4.0,0.0,14.0,6.0,0
3.0,0.0,8.0,4.0,0.0,8.0,3.0,0
1.0,0.0,9.0,4.0,0.0,13.0,6.0,0
2.0,0.0,5.0,4.0,0.0,6.0,7.0,0
3.0,0.0,5.0,6.0,0.0,15.0,5.0,0
2.0,0.0,9.0,7.0,0.0,14.0,3.0,0
2.0,0.0,9.0,5.0,0.0,6.268862911795962,5.0,0
1.0,0.0,5.0,6.0,0.0,12.0,3.0,0
1.0,0.0,9.0,4.0,0.0,10.0,3.0,0
1.0,0.0,6.0,6.0,0.0,10.0,3.0,0
1.0,0.0,5.0,5.0,0.0,9.0,5.0,0
0.0,0.0,9.0,7.0,0.0,14.0,7.0,0
8.0,1.0,2.0,0.0,1.0,2.0,0.0,0
3.0,0.0,9.0,4.0,0.0,9.0,3.0,0
0.0,0.0,5.0,5.0,0.0,7.0,9.0,0
3.0,0.0,8.0,5.0,0.0,14.0,3.0,0
0.0,0.0,7.0,3.0,0.0,12.0,7.0,0
2.0,0.0,6.0,3.0,0.0,7.0,4.0,0
2.0,0.0,4.0,5.0,0.0,14.0,7.0,0
2.0,0.0,5.0,4.0,0.0,7.0,8.0,0
3.0,0.0,9.0,3.0,0.0,11.0,4.0,0
0.0,0.0,6.0,4.0,0.0,6.0,7.0,0
1.0,0.0,6.0,3.0,0.0,6.0,4.0,0
2.0,0.0,6.0,3.0,0.0,6.268862911795962,4.0,0
0.0,0.0,6.0,5.0,0.0,9.0,7.0,0
1.0,0.0,9.0,3.0,0.0,6.268862911795962,7.0,0
1.0,0.0,8.0,3.0,0.0,6.0,7.0,0
0.0,0.0,7.0,4.0,0.0,8.0,3.564726631393298,0
1.0,0.0,6.0,5.0,0.0,8.0,3.0,0
3.0,0.0,7.0,4.0,0.0,13.0,3.0,0
3.0,0.0,6.0,4.0,0.0,5.0,6.0,0
11.0,1.0,0.0,2.0,1.0,3.0,2.0,0
3.0,0.0,4.0,6.0,0.0,12.0,4.0,0
2.0,0.0,3.963354474982382,5.0,0.0,8.0,8.0,0
3.0,0.0,4.0,6.0,0.0,9.0,3.0,0
3.0,0.0,6.0,6.0,0.0,13.0,9.0,0
11.0,1.0,2.0,0.0,1.0,4.0,1.0,0
2.0,0.0,6.0,4.0,0.0,5.0,9.0,0
1.0,0.0,5.0,5.0,0.0,10.0,5.0,0
2.0,0.0,4.0,6.0,0.0,7.0,3.0,0
0.0,0.0,8.0,6.0,0.0,13.0,8.0,0
2.0,0.0,8.0,5.0,0.0,12.0,5.0,0
0.0,0.0,5.0,5.0,0.0,6.0,6.0,0
3.0,0.0,6.0,4.0,0.0,12.0,3.0,0
3.0,0.0,6.0,3.0,0.0,10.0,6.0,0
2.0,0.0,4.0,3.0,0.0,9.0,4.0,0
4.505816002819881,0.0,8.0,4.0,0.0,6.0,5.0,0
1.0,0.0,6.0,7.0,0.0,6.0,3.0,0
1.0,0.0,7.0,6.0,0.0,6.0,3.0,0
3.0,0.0,8.0,4.0,0.0,12.0,4.0,0
3.0,0.0,8.0,4.0,0.0,10.0,3.0,0
3.0,0.0,7.0,3.0,0.0,12.0,7.0,0
3.0,0.0,8.0,4.0,0.0,13.0,6.0,0
2.0,0.0,4.0,4.0,0.0,11.0,7.0,0
0.0,0.0,3.0,5.0,0.0,4.0,5.0,0
0.0,0.0,8.0,5.0,0.0,14.0,5.0,0
3.0,0.0,6.0,4.0,0.0,5.0,7.0,0
2.0,0.0,7.0,3.0,0.0,9.0,7.0,0
1.0,0.0,7.0,5.0,0.0,11.0,3.0,0
0.0,0.0,7.0,7.0,0.0,7.0,5.0,0
0.0,0.0,8.0,4.0,0.0,9.0,8.0,0
2.0,0.0,10.0,5.0,0.0,12.0,5.0,0
3.0,0.0,6.0,3.0,0.0,6.0,3.0,0
2.0,0.0,4.0,7.0,0.0,9.0,8.0,0
1.0,0.0,6.0,3.0,0.0,9.0,7.0,0
2.0,0.0,9.0,4.0,0.0,11.0,4.0,0
1.0,0.0,5.0,6.0,0.0,10.0,6.0,0
2.0,0.0,5.0,3.0,0.0,10.0,9.0,0
1.0,0.0,6.0,5.0,0.0,15.0,4.0,0
0.0,0.0,7.0,3.0,0.0,6.0,6.0,0
3.0,0.0,7.0,4.0,0.0,15.0,7.0,0
0.0,0.0,6.0,6.0,0.0,11.0,8.0,0
7.0,1.0,2.0,0.0,1.0,2.0,1.0,0
2.0,0.0,7.0,4.0,0.0,5.0,6.0,0
3.0,0.0,9.0,5.0,0.0,14.0,6.0,0
3.0,0.0,8.0,4.0,0.0,10.0,7.0,0
0.0,0.0,7.0,4.0,0.0,10.0,10.0,0
2.0,0.0,6.0,5.0,0.0,8.0,7.0,0
2.0,0.0,8.0,6.0,0.0,12.0,4.0,0
1.0,0.0,7.0,4.0,0.0,13.0,4.0,0
2.0,0.0,6.0,3.0,0.0,9.0,8.0,0
1.0,0.0,9.0,4.0,0.0,12.0,4.0,0
1.0,0.0,7.0,4.0,0.0,7.0,9.0,0
1.0,0.0,4.0,3.0,0.0,6.268862911795962,5.0,0
4.0,0.0,4.0,6.0,0.0,13.0,5.0,0
0.0,0.0,9.0,5.0,0.0,11.0,3.0,0
2.0,0.0,7.0,3.0,0.0,8.0,4.0,0
3.0,0.0,6.0,5.0,0.0,6.0,6.0,0
0.0,0.0,4.0,6.0,0.0,14.0,5.0,0
2.0,0.0,9.0,4.0,0.0,12.0,6.0,0
3.0,0.0,6.0,5.0,0.0,6.0,5.0,0
7.0,1.0,2.0,1.0,1.0,1.0,2.0,0
3.0,0.0,9.0,3.0,0.0,8.0,4.0,0
0.0,0.0,7.0,5.0,0.0,8.0,3.0,0
3.0,0.0,7.0,7.0,0.0,4.0,9.0,0
2.0,0.0,7.0,3.0,0.0,12.0,3.0,0
3.0,0.0,4.0,5.0,0.0,6.0,6.0,0
3.0,0.0,8.0,4.0,0.0,14.0,3.0,0
0.0,0.0,5.0,4.0,0.0,6.0,8.0,0
4.505816002819881,0.0,9.0,6.0,0.0,8.0,8.0,0
2.0,0.0,7.0,4.0,0.0,5.0,7.0,0
7.0,1.0,2.0,0.0,1.0,3.0,2.0,0
0.0,0.0,7.0,5.0,0.0,13.0,7.0,0
3.0,0.0,8.0,6.0,0.0,14.0,6.0,0
7.0,1.0,2.0,2.0,1.0,3.0,1.0,0
1.0,0.0,4.0,7.0,0.0,11.0,8.0,0
0.0,0.0,9.0,3.0,0.0,5.0,6.0,0
4.505816002819881,0.0,6.0,6.0,0.0,14.0,6.0,0
1.0,0.0,4.0,5.0,0.0,10.0,4.0,0
1.0,0.0,5.0,5.0,0.0,10.0,6.0,0
3.0,0.0,9.0,7.0,0.0,7.0,4.0,0
0.0,0.0,3.963354474982382,4.0,0.0,7.0,8.0,0
4.0,1.0,0.0,2.0,1.0,0.0,1.0,0
3.0,0.0,3.963354474982382,5.0,0.0,12.0,3.0,0
1.0,0.0,4.0,6.0,0.0,9.0,5.0,0
0.0,0.0,7.0,6.0,0.0,10.0,4.0,0
1.0,0.0,4.0,3.0,0.0,8.0,8.0,0
2.0,0.0,5.0,4.0,0.0,11.0,4.0,0
1.0,0.0,8.0,5.0,0.0,12.0,4.0,0
1.0,0.0,9.0,7.0,0.0,13.0,3.0,0
0.0,0.0,7.0,6.0,0.0,8.0,4.0,0
0.0,0.0,10.0,6.0,0.0,6.0,4.0,0
10.0,1.0,1.0,0.0,1.0,4.0,1.0,0
0.0,0.0,4.0,5.0,0.0,13.0,3.0,0
11.0,1.0,0.0,2.0,1.0,3.0,1.0,0
3.0,0.0,7.0,6.0,0.0,14.0,9.0,0
3.0,0.0,7.0,4.0,0.0,8.0,6.0,0
8.0,1.0,0.0,2.0,1.0,2.0,0.0,0
2.0,0.0,7.0,5.0,0.0,14.0,5.0,0
2.0,0.0,5.0,3.0,0.0,12.0,3.0,0
2.0,0.0,7.0,4.0,0.0,9.0,4.0,0
0.0,0.0,9.0,4.0,0.0,5.0,4.0,0
3.0,0.0,7.0,3.0,0.0,7.0,8.0,0
1.0,0.0,7.0,4.0,0.0,6.0,5.0,0
2.0,0.0,7.0,4.0,0.0,4.0,8.0,0
2.0,0.0,9.0,6.0,0.0,10.0,9.0,0
0.0,0.0,9.0,4.0,0.0,12.0,3.564726631393298,0
1.0,0.0,5.0,6.0,0.0,11.0,5.0,0
3.0,0.0,4.0,4.0,0.0,7.0,5.0,0
0.0,0.0,9.0,3.0,0.0,13.0,5.0,0
1.0,0.0,5.0,7.0,0.0,12.0,3.0,0
0.0,0.0,7.0,7.0,0.0,6.0,9.0,0
3.0,0.0,7.0,6.0,0.0,6.0,5.0,0
1.0,0.0,4.0,5.0,0.0,11.0,8.0,0
0.0,0.0,6.0,5.0,0.0,14.0,3.0,0
9.0,1.0,1.0,2.0,1.0,1.0,2.0,0
0.0,0.0,4.0,6.0,0.0,11.0,4.0,0
3.0,0.0,9.0,5.0,0.0,11.0,3.0,0
1.0,0.0,4.0,4.0,0.0,8.0,7.0,0
1.0,0.0,9.0,6.0,0.0,10.0,9.0,0
0.0,0.0,7.0,6.0,0.0,11.0,7.0,0
1.0,0.0,4.0,5.0,0.0,14.0,4.0,0
0.0,0.0,4.0,4.0,0.0,14.0,8.0,0
2.0,0.0,8.0,5.0,0.0,9.0,6.0,0
2.0,0.0,9.0,3.0,0.0,7.0,8.0,0
0.0,0.0,5.0,4.0,0.0,12.0,3.0,0
1.0,0.0,5.0,7.0,0.0,13.0,7.0,0
2.0,0.0,6.0,4.0,0.0,5.0,4.0,0
0.0,0.0,5.0,7.0,0.0,8.0,8.0,0
8.0,1.0,1.0,2.0,1.0,1.0,0.0,0
3.0,0.0,6.0,5.0,0.0,12.0,3.0,0
7.0,1.0,1.0,1.0,1.0,2.0,1.0,0
10.0,1.0,0.0,1.0,1.0,3.0,1.0,0
1.0,0.0,4.0,4.0,0.0,11.0,3.0,0
2.0,0.0,6.0,4.0,0.0,12.0,10.0,0
1.0,0.0,3.0,6.0,0.0,4.0,7.0,0
3.0,0.0,5.0,6.0,0.0,12.0,3.564726631393298,0
1.0,0.0,7.0,5.0,0.0,12.0,5.0,0
2.0,0.0,8.0,4.0,0.0,10.0,5.0,0
0.0,0.0,9.0,6.0,0.0,5.0,3.0,0
1.0,0.0,9.0,3.0,0.0,6.0,8.0,0
10.0,1.0,0.0,0.0,1.0,1.0,2.0,0
2.0,0.0,4.0,5.0,0.0,5.0,7.0,0
0.0,0.0,7.0,5.0,0.0,8.0,6.0,0
0.0,0.0,4.0,7.0,0.0,8.0,4.0,0
3.0,0.0,9.0,4.0,0.0,8.0,5.0,0
3.0,0.0,4.0,6.0,0.0,7.0,8.0,0
3.0,0.0,5.0,5.0,0.0,8.0,5.0,0
1.0,0.0,5.0,5.0,0.0,11.0,6.0,0
1.0,0.0,7.0,5.0,0.0,6.0,9.0,0
2.0,0.0,9.0,5.0,0.0,7.0,8.0,0
1.0,0.0,6.0,6.0,0.0,7.0,7.0,0
1.0,0.0,8.0,3.0,0.0,14.0,6.0,0
2.0,0.0,9.0,6.0,0.0,7.0,3.0,0
2.0,0.0,6.0,5.0,0.0,4.0,9.0,0
2.0,0.0,6.0,4.0,0.0,6.0,9.0,0
2.0,0.0,8.0,4.0,0.0,15.0,4.0,0
7.0,1.0,0.0,0.0,1.0,1.0,2.0,0
0.0,0.0,4.0,6.0,0.0,6.0,5.0,0
1.0,0.0,9.0,4.0,0.0,10.0,5.0,0
3.0,0.0,4.0,5.0,0.0,11.0,5.0,0
0.0,0.0,6.0,5.0,0.0,14.0,6.0,0
2.0,0.0,4.0,5.0,0.0,6.0,4.0,0
1.0,0.0,4.0,5.0,0.0,6.0,5.0,0
1.0,0.0,9.0,4.0,0.0,7.0,7.0,0
1.0,0.0,6.0,6.0,0.0,7.0,3.0,0
2.0,0.0,4.0,7.0,0.0,9.0,4.0,0
3.0,0.0,5.0,5.0,0.0,4.0,3.0,0
0.0,0.0,9.0,3.0,0.0,12.0,8.0,0
2.0,0.0,6.0,4.0,0.0,11.0,4.0,0
0.0,0.0,8.0,6.0,0.0,10.0,7.0,0
0.0,0.0,6.0,4.0,0.0,9.0,8.0,0
0.0,0.0,4.0,5.0,0.0,13.0,9.0,0
3.0,0.0,9.0,6.0,0.0,8.0,4.0,0
3.0,0.0,4.0,5.0,0.0,11.0,4.0,0
2.0,0.0,3.963354474982382,5.0,0.0,9.0,8.0,0
1.0,0.0,4.0,4.0,0.0,7.0,6.0,0
6.0,1.0,2.0,2.0,1.0,0.0,2.0,0
2.0,0.0,4.0,5.0,0.0,10.0,9.0,0
1.0,0.0,5.0,4.0,0.0,12.0,9.0,0
11.0,1.0,2.0,1.0,1.0,3.0,1.0,0
1.0,0.0,5.0,6.0,0.0,12.0,7.0,0
3.0,0.0,4.0,5.0,0.0,6.0,4.0,0
2.0,0.0,5.0,6.0,0.0,12.0,8.0,0
1.0,0.0,4.0,6.0,0.0,6.0,6.0,0
2.0,0.0,10.0,6.0,0.0,10.0,9.0,0
1.0,0.0,8.0,3.0,0.0,8.0,4.0,0
3.0,0.0,4.0,5.0,0.0,6.0,4.0,0
3.0,0.0,9.0,5.0,0.0,7.0,4.0,0
0.0,0.0,4.0,6.0,0.0,4.0,8.0,0
1.0,0.0,4.0,5.0,0.0,6.268862911795962,10.0,0
3.0,0.0,6.0,3.0,0.0,8.0,7.0,0
4.505816002819881,0.0,5.0,3.0,0.0,11.0,9.0,0
2.0,0.0,4.0,4.0,0.0,9.0,3.0,0
3.0,0.0,8.0,5.0,0.0,11.0,6.0,0
3.0,0.0,8.0,6.0,0.0,9.0,8.0,0
3.0,0.0,6.0,4.0,0.0,11.0,9.0,0
1.0,0.0,4.0,7.0,0.0,6.0,6.0,0
0.0,0.0,5.0,4.0,0.0,8.0,9.0,0
0.0,0.0,4.0,4.0,0.0,14.0,7.0,0
2.0,0.0,7.0,6.0,0.0,7.0,9.0,0
2.0,0.0,9.0,3.0,0.0,8.0,3.564726631393298,0
1.0,0.0,9.0,4.0,0.0,5.0,9.0,0
1.0,0.0,7.0,6.0,0.0,8.0,5.0,0
3.0,0.0,5.0,7.0,0.0,13.0,7.0,0
2.0,0.0,5.0,5.0,0.0,10.0,6.0,0
0.0,0.0,9.0,5.0,0.0,15.0,9.0,0
3.0,0.0,8.0,3.0,0.0,6.0,7.0,0
1.0,0.0,9.0,6.0,0.0,10.0,8.0,0
0.0,0.0,5.0,5.0,0.0,10.0,9.0,0
2.0,0.0,4.0,3.0,0.0,8.0,8.0,0
9.0,1.0,1.0,1.0,1.0,1.0,0.0,0
0.0,0.0,5.0,4.0,0.0,11.0,3.564726631393298,0
3.0,0.0,8.0,4.0,0.0,10.0,4.0,0
0.0,0.0,9.0,6.0,0.0,7.0,6.0,0
0.0,0.0,4.0,4.0,0.0,8.0,8.0,0
2.0,0.0,9.0,4.0,0.0,8.0,7.0,0
0.0,0.0,8.0,6.0,0.0,7.0,8.0,0
2.0,0.0,7.0,5.0,0.0,7.0,9.0,0
11.0,1.0,0.0,0.0,1.0,0.0,0.0,0
1.0,0.0,9.0,6.0,0.0,13.0,5.0,0
8.0,1.0,2.0,1.0,1.0,1.0,1.0,0
2.0,0.0,8.0,6.0,0.0,11.0,3.0,0
0.0,0.0,7.0,5.0,0.0,14.0,6.0,0
2.0,0.0,7.0,3.0,0.0,12.0,7.0,0
3.0,0.0,6.0,3.0,0.0,10.0,7.0,0
1.0,0.0,4.0,3.0,0.0,12.0,7.0,0
7.0,1.0,1.0,0.0,1.0,2.0,1.0,0
2.0,0.0,9.0,6.0,0.0,12.0,9.0,0
1.0,0.0,8.0,4.0,0.0,5.0,4.0,0
2.0,0.0,9.0,3.0,0.0,6.0,3.0,0
3.0,0.0,4.0,7.0,0.0,6.0,6.0,0
4.505816002819881,0.0,4.0,3.0,0.0,5.0,5.0,0
2.0,0.0,6.0,3.0,0.0,9.0,9.0,0
10.0,1.0,2.0,0.0,1.0,2.0,1.0,0
2.0,0.0,6.0,3.0,0.0,6.0,6.0,0
0.0,0.0,5.0,4.0,0.0,14.0,7.0,0
3.0,0.0,6.0,4.0,0.0,6.0,8.0,0
0.0,0.0,9.0,3.0,0.0,11.0,4.0,0
1.0,0.0,7.0,5.0,0.0,6.268862911795962,4.0,0
0.0,0.0,6.0,6.0,0.0,8.0,6.0,0
8.0,1.0,1.0,0.0,1.0,3.0,1.0,0
0.0,0.0,8.0,6.0,0.0,11.0,4.0,0
0.0,0.0,6.0,5.0,0.0,7.0,9.0,0
8.0,1.0,1.0,0.0,1.0,3.0,2.0,0
2.0,0.0,8.0,3.0,0.0,14.0,4.0,0
0.0,0.0,7.0,3.0,0.0,6.0,3.564726631393298,0
3.0,0.0,7.0,6.0,0.0,6.0,3.0,0
1.0,0.0,5.0,5.0,0.0,8.0,6.0,0
0.0,0.0,8.0,5.0,0.0,5.0,8.0,0
2.0,0.0,8.0,3.0,0.0,6.0,6.0,0
2.0,0.0,7.0,6.0,0.0,6.0,8.0,0
0.0,0.0,8.0,4.0,0.0,5.0,3.0,0
3.0,0.0,7.0,5.0,0.0,13.0,9.0,0
0.0,0.0,4.0,5.0,0.0,10.0,3.0,0
0.0,0.0,9.0,3.0,0.0,6.268862911795962,9.0,0
1.0,0.0,8.0,3.0,0.0,12.0,9.0,0
2.0,0.0,7.0,4.0,0.0,13.0,7.0,0
3.0,0.0,6.0,5.0,0.0,12.0,5.0,0
3.0,0.0,7.0,3.0,0.0,11.0,3.0,0
3.0,0.0,9.0,6.0,0.0,7.0,8.0,0
3.0,0.0,5.0,4.0,0.0,8.0,9.0,0
3.0,0.0,3.0,6.0,0.0,6.0,5.0,0
3.0,0.0,6.0,4.0,0.0,13.0,3.0,0
1.0,0.0,7.0,3.0,0.0,10.0,3.564726631393298,0
2.0,0.0,9.0,5.0,0.0,8.0,4.0,0
3.0,0.0,5.0,5.0,0.0,13.0,9.0,0
2.0,0.0,7.0,6.0,0.0,7.0,6.0,0
3.0,0.0,4.0,7.0,0.0,8.0,5.0,0
3.0,0.0,6.0,7.0,0.0,8.0,4.0,0
3.0,0.0,4.0,7.0,0.0,5.0,6.0,0
1.0,0.0,7.0,6.0,0.0,6.268862911795962,4.0,0
0.0,0.0,6.0,7.0,0.0,8.0,7.0,0
2.0,0.0,9.0,5.0,0.0,12.0,8.0,0
7.0,1.0,2.0,1.0,1.0,1.0,0.0,0
0.0,0.0,5.0,3.0,0.0,6.268862911795962,5.0,0
1.0,0.0,7.0,4.0,0.0,14.0,6.0,0
1.0,0.0,9.0,4.0,0.0,9.0,7.0,0
10.0,1.0,2.0,2.0,1.0,1.0,0.0,0
1.0,0.0,8.0,5.0,0.0,8.0,5.0,0
2.0,0.0,9.0,4.0,0.0,11.0,7.0,0
1.0,0.0,7.0,7.0,0.0,14.0,8.0,0
2.0,0.0,5.0,4.0,0.0,5.0,9.0,0
1.0,0.0,9.0,6.0,0.0,14.0,7.0,0
3.0,0.0,6.0,4.0,0.0,5.0,3.564726631393298,0
1.0,0.0,6.0,6.0,0.0,8.0,3.0,0
1.0,0.0,3.963354474982382,4.0,0.0,8.0,4.0,0
2.0,0.0,8.0,6.0,0.0,7.0,4.0,0
0.0,0.0,4.0,5.0,0.0,15.0,4.0,0
2.0,0.0,5.0,4.0,0.0,13.0,3.0,0
2.0,0.0,4.0,4.0,0.0,8.0,8.0,0
2.0,0.0,7.0,4.0,0.0,9.0,8.0,0
7.0,1.0,0.0,0.0,1.0,1.0,1.0,0
1.0,0.0,5.0,4.0,0.0,14.0,3.0,0
0.0,0.0,5.0,6.0,0.0,12.0,4.0,0
3.0,0.0,4.0,6.0,0.0,13.0,3.0,0
10.0,1.0,2.0,2.0,1.0,1.0,2.0,0
5.0,1.0,0.0,2.0,1.0,3.0,2.0,0
2.0,0.0,6.0,3.0,0.0,15.0,5.0,0
1.0,0.0,9.0,5.0,0.0,9.0,8.0,0
1.0,0.0,6.0,5.0,0.0,9.0,4.0,0
3.0,0.0,5.0,6.0,0.0,11.0,9.0,0
2.0,0.0,6.0,6.0,0.0,5.0,5.0,0
2.0,0.0,5.0,6.0,0.0,13.0,9.0,0
2.0,0.0,9.0,7.0,0.0,9.0,4.0,0
0.0,0.0,6.0,6.0,0.0,13.0,7.0,0
3.0,0.0,4.0,6.0,0.0,8.0,3.0,0
0.0,0.0,7.0,7.0,0.0,9.0,9.0,0
2.0,0.0,9.0,4.0,0.0,11.0,7.0,0
10.0,1.0,0.0,0.0,1.0,1.0,0.0,0
2.0,0.0,6.0,6.0,0.0,5.0,9.0,0
3.0,0.0,5.0,4.0,0.0,10.0,6.0,0
0.0,0.0,6.0,5.0,0.0,4.0,3.0,0
1.0,0.0,9.0,5.0,0.0,7.0,3.0,0
2.0,0.0,8.0,5.0,0.0,8.0,9.0,0
0.0,0.0,6.0,4.0,0.0,7.0,6.0,0
0.0,0.0,6.0,4.0,0.0,8.0,6.0,0
3.0,0.0,3.963354474982382,3.0,0.0,10.0,4.0,0
8.0,1.0,0.0,0.0,1.0,1.0,2.0,0
0.0,0.0,5.0,3.0,0.0,15.0,5.0,0
0.0,0.0,8.0,5.0,0.0,5.0,3.0,0
4.0,0.0,10.0,4.0,0.0,9.0,8.0,0
3.0,0.0,7.0,4.0,0.0,9.0,5.0,0
0.0,0.0,9.0,5.0,0.0,12.0,4.0,0
0.0,0.0,4.0,3.0,0.0,15.0,5.0,0
2.0,0.0,8.0,6.0,0.0,10.0,6.0,0
0.0,0.0,5.0,3.0,0.0,14.0,5.0,0
2.0,0.0,9.0,3.0,0.0,6.0,8.0,0
0.0,0.0,7.0,4.0,0.0,8.0,4.0,0
1.0,0.0,5.0,6.0,0.0,10.0,4.0,0
1.0,0.0,9.0,5.0,0.0,6.0,8.0,0
1.0,0.0,3.963354474982382,5.0,0.0,11.0,8.0,0
2.0,0.0,9.0,7.0,0.0,7.0,8.0,0
3.0,0.0,6.0,5.0,0.0,14.0,6.0,0
2.0,0.0,8.0,6.0,0.0,14.0,6.0,0
2.0,0.0,9.0,6.0,0.0,11.0,7.0,0
4.505816002819881,0.0,9.0,5.0,0.0,9.0,6.0,0
3.0,0.0,5.0,6.0,0.0,7.0,4.0,0
3.0,0.0,6.0,3.0,0.0,15.0,3.564726631393298,0
0.0,0.0,4.0,3.0,0.0,10.0,5.0,0
9.0,1.0,1.0,2.0,1.0,0.0,2.0,0
1.0,0.0,8.0,5.0,0.0,5.0,9.0,0
3.0,0.0,4.0,5.0,0.0,15.0,4.0,0
1.0,0.0,6.0,6.0,0.0,12.0,4.0,0
3.0,0.0,4.0,3.0,0.0,15.0,9.0,0
0.0,0.0,9.0,4.0,0.0,10.0,3.0,0
1.0,0.0,5.0,5.0,0.0,9.0,8.0,0
3.0,0.0,4.0,5.0,0.0,6.0,7.0,0
2.0,0.0,8.0,4.0,0.0,5.0,4.0,0
2.0,0.0,5.0,5.0,0.0,12.0,3.0,0
2.0,0.0,8.0,6.0,0.0,10.0,7.0,0
1.0,0.0,7.0,3.0,0.0,8.0,6.0,0
1.0,0.0,7.0,5.0,0.0,11.0,3.0,0
3.0,0.0,8.0,6.0,0.0,7.0,5.0,0
0.0,0.0,9.0,3.0,0.0,11.0,3.0,0
1.0,0.0,5.0,4.0,0.0,12.0,4.0,0
0.0,0.0,6.0,3.0,0.0,7.0,7.0,0
0.0,0.0,6.0,3.0,0.0,14.0,5.0,0
4.505816002819881,0.0,7.0,6.0,0.0,12.0,8.0,0
2.0,0.0,4.0,4.0,0.0,6.0,4.0,0
0.0,0.0,5.0,6.0,0.0,14.0,3.0,0
0.0,0.0,4.0,3.0,0.0,14.0,5.0,0
3.0,0.0,9.0,6.0,0.0,6.268862911795962,7.0,0
2.0,0.0,7.0,4.0,0.0,11.0,7.0,0
3.0,0.0,9.0,4.0,0.0,8.0,8.0,0
2.0,0.0,7.0,4.0,0.0,10.0,9.0,0
3.0,0.0,4.0,3.0,0.0,13.0,3.564726631393298,0
0.0,0.0,8.0,4.0,0.0,6.0,4.0,0
1.0,0.0,5.0,7.0,0.0,12.0,3.0,0
1.0,0.0,5.0,7.0,0.0,7.0,9.0,0
2.0,0.0,6.0,4.0,0.0,7.0,6.0,0
2.0,0.0,9.0,3.0,0.0,5.0,9.0,0
1.0,0.0,7.0,5.0,0.0,6.0,3.0,0
1.0,0.0,5.0,6.0,0.0,10.0,3.0,0
2.0,0.0,7.0,4.0,0.0,12.0,8.0,0
3.0,0.0,4.0,3.0,0.0,7.0,5.0,0
4.505816002819881,0.0,8.0,6.0,0.0,5.0,7.0,0
1.0,0.0,3.963354474982382,7.0,0.0,14.0,3.0,0
1.0,0.0,6.0,3.0,0.0,8.0,6.0,0
0.0,0.0,7.0,5.0,0.0,10.0,4.0,0
2.0,0.0,7.0,7.0,0.0,13.0,7.0,0
2.0,0.0,10.0,6.0,0.0,12.0,5.0,0
3.0,0.0,8.0,6.0,0.0,11.0,8.0,0
9.0,1.0,2.0,0.0,1.0,2.0,1.0,0
2.0,0.0,5.0,6.0,0.0,12.0,8.0,0
2.0,0.0,7.0,5.0,0.0,14.0,9.0,0
1.0,0.0,5.0,3.0,0.0,10.0,9.0,0
3.0,0.0,4.0,7.0,0.0,9.0,6.0,0
3.0,0.0,7.0,3.0,0.0,12.0,6.0,0
3.0,0.0,5.0,5.0,0.0,13.0,5.0,0
1.0,0.0,4.0,5.0,0.0,6.268862911795962,6.0,0
0.0,0.0,6.0,5.0,0.0,7.0,5.0,0
1.0,0.0,4.0,7.0,0.0,10.0,7.0,0
3.0,0.0,8.0,6.0,0.0,9.0,7.0,0
1.0,0.0,5.0,6.0,0.0,13.0,6.0,0
2.0,0.0,7.0,4.0,0.0,13.0,7.0,0
0.0,0.0,8.0,3.0,0.0,8.0,5.0,0
0.0,0.0,8.0,5.0,0.0,5.0,9.0,0
2.0,0.0,4.0,6.0,0.0,7.0,4.0,0
1.0,0.0,9.0,3.0,0.0,5.0,3.0,0
3.0,0.0,7.0,5.0,0.0,8.0,6.0,0
3.0,0.0,8.0,4.0,0.0,15.0,4.0,0
3.0,0.0,4.0,6.0,0.0,5.0,9.0,0
2.0,0.0,9.0,5.0,0.0,6.0,5.0,0
1.0,0.0,4.0,4.0,0.0,13.0,7.0,0
0.0,0.0,6.0,3.0,0.0,10.0,8.0,0
1.0,0.0,9.0,6.0,0.0,9.0,8.0,0
3.0,0.0,8.0,4.0,0.0,8.0,4.0,0
0.0,0.0,5.0,5.0,0.0,6.268862911795962,4.0,0
3.0,0.0,8.0,6.0,0.0,15.0,5.0,0
1.0,0.0,7.0,3.0,0.0,6.0,9.0,0
2.0,0.0,7.0,4.0,0.0,9.0,6.0,0
2.0,0.0,3.963354474982382,4.0,0.0,15.0,3.0,0
0.0,0.0,8.0,4.0,0.0,10.0,9.0,0
1.0,0.0,9.0,3.0,0.0,8.0,9.0,0
1.0,0.0,6.0,6.0,0.0,12.0,5.0,0
0.0,0.0,9.0,4.0,0.0,6.0,3.0,0
2.0,0.0,4.0,6.0,0.0,11.0,7.0,0
0.0,0.0,5.0,6.0,0.0,9.0,7.0,0
0.0,0.0,5.0,7.0,0.0,10.0,6.0,0
4.0,1.0,2.0,0.0,1.0,1.0,1.0,0
0.0,0.0,8.0,5.0,0.0,9.0,3.0,0
2.0,0.0,5.0,3.0,0.0,14.0,5.0,0
2.0,0.0,4.0,5.0,0.0,14.0,9.0,0
3.0,0.0,7.0,4.0,0.0,13.0,3.0,0
3.0,0.0,9.0,3.0,0.0,7.0,5.0,0
1.0,0.0,6.0,4.0,0.0,13.0,3.0,0
0.0,0.0,7.0,3.0,0.0,13.0,6.0,0
2.0,0.0,4.0,6.0,0.0,8.0,7.0,0
0.0,0.0,8.0,3.0,0.0,11.0,4.0,0
2.0,0.0,5.0,4.0,0.0,8.0,3.0,0
1.0,0.0,7.0,5.0,0.0,10.0,5.0,0
2.0,0.0,6.0,4.0,0.0,10.0,4.0,0
2.0,0.0,6.0,5.0,0.0,13.0,6.0,0
0.0,0.0,6.0,5.0,0.0,6.0,3.0,0
1.0,0.0,9.0,5.0,0.0,12.0,9.0,0
2.0,0.0,5.0,3.0,0.0,14.0,7.0,0
4.505816002819881,0.0,6.0,4.0,0.0,4.0,5.0,0
0.0,0.0,4.0,6.0,0.0,10.0,8.0,0
2.0,0.0,5.0,5.0,0.0,14.0,9.0,0
2.0,0.0,9.0,5.0,0.0,8.0,8.0,0
0.0,0.0,4.0,7.0,0.0,13.0,4.0,0
1.0,0.0,7.0,3.0,0.0,15.0,4.0,0
3.0,0.0,7.0,5.0,0.0,13.0,5.0,0
2.0,0.0,4.0,5.0,0.0,13.0,9.0,0
3.0,0.0,5.0,4.0,0.0,7.0,4.0,0
0.0,0.0,4.0,3.0,0.0,11.0,4.0,0
0.0,0.0,3.963354474982382,4.0,0.0,10.0,4.0,0
2.0,0.0,8.0,4.0,0.0,9.0,3.0,0
2.0,0.0,4.0,5.0,0.0,9.0,3.0,0
3.0,0.0,4.0,6.0,0.0,9.0,8.0,0
2.0,0.0,5.0,3.0,0.0,13.0,4.0,0
3.0,0.0,7.0,6.0,0.0,9.0,4.0,0
3.0,0.0,8.0,4.0,0.0,9.0,7.0,0
2.0,0.0,5.0,6.0,0.0,7.0,5.0,0
4.0,0.0,5.0,7.0,0.0,13.0,8.0,0
0.0,0.0,8.0,5.0,0.0,9.0,5.0,0
4.0,0.0,9.0,6.0,0.0,11.0,6.0,0
1.0,0.0,7.0,3.0,0.0,8.0,5.0,0
0.0,0.0,6.0,5.0,0.0,14.0,5.0,0
0.0,0.0,5.0,6.0,0.0,9.0,6.0,0
3.0,0.0,6.0,4.0,0.0,11.0,5.0,0
1.0,0.0,5.0,5.0,0.0,5.0,7.0,0
2.0,0.0,9.0,5.0,0.0,12.0,8.0,0
1.0,0.0,7.0,4.0,0.0,12.0,5.0,0
0.0,0.0,7.0,5.0,0.0,6.0,7.0,0
3.0,0.0,8.0,4.0,0.0,8.0,7.0,0
2.0,0.0,9.0,6.0,0.0,14.0,4.0,0
3.0,0.0,7.0,4.0,0.0,14.0,7.0,0
0.0,0.0,9.0,6.0,0.0,12.0,5.0,0
1.0,0.0,8.0,4.0,0.0,11.0,4.0,0
1.0,0.0,6.0,3.0,0.0,11.0,6.0,0
2.0,0.0,5.0,6.0,0.0,9.0,5.0,0
0.0,0.0,3.963354474982382,4.0,0.0,7.0,4.0,0
3.0,0.0,5.0,5.0,0.0,6.0,4.0,0
0.0,0.0,6.0,4.0,0.0,10.0,3.0,0
0.0,0.0,7.0,4.0,0.0,13.0,8.0,0
1.0,0.0,6.0,6.0,0.0,11.0,7.0,0
0.0,0.0,6.0,3.0,0.0,8.0,4.0,0
3.0,0.0,9.0,3.0,0.0,9.0,8.0,0
1.0,0.0,8.0,4.0,0.0,15.0,6.0,0
0.0,0.0,4.0,4.0,0.0,8.0,6.0,0
2.0,0.0,4.0,7.0,0.0,14.0,6.0,0
3.0,0.0,4.0,6.0,0.0,12.0,3.0,0
1.0,0.0,5.0,4.0,0.0,7.0,3.0,0
2.0,0.0,5.0,3.0,0.0,12.0,4.0,0
2.0,0.0,4.0,5.0,0.0,13.0,6.0,0
2.0,0.0,9.0,4.0,0.0,15.0,5.0,0
2.0,0.0,4.0,5.0,0.0,14.0,8.0,0
0.0,0.0,4.0,5.0,0.0,9.0,6.0,0
2.0,0.0,9.0,4.0,0.0,6.0,6.0,0
1.0,0.0,6.0,6.0,0.0,12.0,3.0,0
1.0,0.0,9.0,4.0,0.0,5.0,8.0,0
1.0,0.0,5.0,4.0,0.0,7.0,8.0,0
1.0,0.0,7.0,3.0,0.0,12.0,8.0,0
8.0,1.0,2.0,0.0,1.0,4.0,1.0,0
0.0,0.0,8.0,4.0,0.0,14.0,8.0,0
1.0,0.0,4.0,4.0,0.0,9.0,4.0,0
1.0,0.0,6.0,6.0,0.0,6.0,6.0,0
3.0,0.0,7.0,5.0,0.0,6.0,4.0,0
2.0,0.0,7.0,5.0,0.0,5.0,6.0,0
2.0,0.0,6.0,5.0,0.0,6.0,3.0,0
3.0,0.0,4.0,7.0,0.0,13.0,6.0,0
3.0,0.0,8.0,5.0,0.0,10.0,5.0,0
0.0,0.0,8.0,6.0,0.0,10.0,4.0,0
3.0,0.0,6.0,4.0,0.0,13.0,8.0,0
6.0,1.0,1.0,2.0,1.0,5.0,0.0,0
0.0,0.0,4.0,7.0,0.0,8.0,7.0,0
1.0,0.0,4.0,5.0,0.0,7.0,7.0,0
0.0,0.0,6.0,4.0,0.0,10.0,3.0,0
1.0,0.0,6.0,5.0,0.0,6.0,6.0,0
3.0,0.0,6.0,7.0,0.0,13.0,6.0,0
0.0,0.0,4.0,6.0,0.0,6.0,3.0,0
3.0,0.0,9.0,3.0,0.0,6.268862911795962,5.0,0
2.0,0.0,5.0,5.0,0.0,11.0,7.0,0
4.0,0.0,7.0,4.0,0.0,13.0,10.0,0
3.0,0.0,5.0,4.0,0.0,11.0,8.0,0
1.0,0.0,4.0,5.0,0.0,7.0,8.0,0
3.0,0.0,7.0,7.0,0.0,7.0,3.0,0
1.0,0.0,9.0,6.0,0.0,12.0,4.0,0
0.0,0.0,9.0,6.0,0.0,10.0,5.0,0
0.0,0.0,4.0,5.0,0.0,14.0,7.0,0
1.0,0.0,7.0,6.0,0.0,15.0,3.0,0
2.0,0.0,7.0,4.0,0.0,6.0,4.0,0
4.505816002819881,0.0,4.0,3.0,0.0,6.0,7.0,0
4.505816002819881,0.0,6.0,3.0,0.0,12.0,5.0,0
0.0,0.0,9.0,4.0,0.0,14.0,7.0,0
1.0,0.0,8.0,6.0,0.0,12.0,5.0,0
4.0,0.0,7.0,7.0,0.0,7.0,9.0,0
8.0,1.0,2.0,0.0,1.0,1.0,1.0,0
2.0,0.0,5.0,5.0,0.0,12.0,6.0,0
7.0,1.0,2.0,1.0,1.0,3.0,0.0,0
3.0,0.0,7.0,6.0,0.0,6.268862911795962,9.0,0
1.0,0.0,4.0,4.0,0.0,10.0,6.0,0
2.0,0.0,4.0,3.0,0.0,6.0,6.0,0
3.0,0.0,7.0,4.0,0.0,6.0,9.0,0
3.0,0.0,4.0,4.0,0.0,12.0,5.0,0
2.0,0.0,6.0,6.0,0.0,8.0,5.0,0
1.0,0.0,4.0,3.0,0.0,10.0,4.0,0
3.0,0.0,10.0,5.0,0.0,14.0,4.0,0
0.0,0.0,4.0,5.0,0.0,6.0,3.0,0
11.0,1.0,1.0,2.0,1.0,3.0,1.0,0
3.0,0.0,4.0,6.0,0.0,10.0,7.0,0
1.0,0.0,8.0,3.0,0.0,8.0,9.0,0
10.0,1.0,0.0,0.0,1.0,3.0,0.0,0
0.0,0.0,3.0,5.0,0.0,4.0,7.0,0
2.0,0.0,6.0,3.0,0.0,10.0,3.0,0
2.0,0.0,7.0,6.0,0.0,13.0,8.0,0
1.0,0.0,6.0,5.0,0.0,14.0,5.0,0
3.0,0.0,4.0,6.0,0.0,14.0,6.0,0
1.0,0.0,8.0,4.0,0.0,10.0,4.0,0
2.0,0.0,5.0,4.0,0.0,11.0,3.0,0
1.0,0.0,6.0,4.0,0.0,12.0,8.0,0
3.0,0.0,5.0,5.0,0.0,6.0,7.0,0
0.0,0.0,4.0,4.0,0.0,11.0,4.0,0
0.0,0.0,9.0,5.0,0.0,14.0,5.0,0
3.0,0.0,6.0,5.0,0.0,9.0,6.0,0
2.0,0.0,4.0,6.0,0.0,7.0,5.0,0
1.0,0.0,7.0,5.0,0.0,6.0,6.0,0
2.0,0.0,6.0,7.0,0.0,12.0,6.0,0
3.0,0.0,7.0,5.0,0.0,14.0,3.0,0
3.0,0.0,9.0,6.0,0.0,15.0,5.0,0
3.0,0.0,7.0,3.0,0.0,12.0,9.0,0
0.0,0.0,5.0,3.0,0.0,14.0,5.0,0
2.0,0.0,8.0,4.0,0.0,9.0,8.0,0
1.0,0.0,8.0,6.0,0.0,10.0,7.0,0
0.0,0.0,7.0,7.0,0.0,9.0,3.0,0
2.0,0.0,9.0,5.0,0.0,14.0,4.0,0
1.0,0.0,4.0,6.0,0.0,11.0,6.0,0
9.0,1.0,3.0,2.0,1.0,4.0,0.0,0
3.0,0.0,5.0,6.0,0.0,12.0,3.0,0
1.0,0.0,9.0,3.0,0.0,14.0,7.0,0
2.0,0.0,9.0,4.0,0.0,7.0,6.0,0
1.0,0.0,5.0,4.0,0.0,11.0,7.0,0
2.0,0.0,7.0,6.0,0.0,10.0,7.0,0
3.0,0.0,4.0,6.0,0.0,7.0,7.0,0
2.0,0.0,8.0,5.0,0.0,7.0,3.0,0
2.0,0.0,9.0,3.0,0.0,6.0,7.0,0
1.0,0.0,9.0,6.0,0.0,14.0,7.0,0
3.0,0.0,9.0,5.0,0.0,8.0,3.564726631393298,0
1.0,0.0,4.0,3.0,0.0,15.0,3.0,0
0.0,0.0,5.0,3.0,0.0,9.0,9.0,0
3.0,0.0,4.0,3.0,0.0,12.0,3.0,0
0.0,0.0,4.0,3.0,0.0,12.0,7.0,0
3.0,0.0,5.0,4.0,0.0,6.0,3.0,0
0.0,0.0,6.0,3.0,0.0,13.0,4.0,0
0.0,0.0,8.0,4.0,0.0,10.0,3.0,0
0.0,0.0,8.0,7.0,0.0,9.0,8.0,0
2.0,0.0,7.0,4.0,0.0,7.0,7.0,0
0.0,0.0,6.0,5.0,0.0,12.0,9.0,0
8.0,1.0,2.0,2.0,1.0,2.0,0.0,0
3.0,0.0,8.0,3.0,0.0,8.0,3.564726631393298,0
3.0,0.0,9.0,3.0,0.0,8.0,6.0,0
4.0,1.0,2.0,2.0,1.0,5.0,0.0,0
3.0,0.0,9.0,6.0,0.0,5.0,7.0,0
2.0,0.0,9.0,6.0,0.0,9.0,8.0,0
0.0,0.0,7.0,3.0,0.0,6.0,4.0,0
0.0,0.0,6.0,3.0,0.0,7.0,7.0,0
1.0,0.0,7.0,5.0,0.0,8.0,8.0,0
4.505816002819881,0.0,4.0,7.0,0.0,7.0,5.0,0
0.0,0.0,5.0,3.0,0.0,9.0,4.0,0
0.0,0.0,6.0,5.0,0.0,7.0,7.0,0
2.0,0.0,6.0,7.0,0.0,6.268862911795962,6.0,0
2.0,0.0,6.0,4.0,0.0,7.0,5.0,0
3.0,0.0,8.0,3.0,0.0,8.0,6.0,0
3.0,0.0,7.0,3.0,0.0,8.0,6.0,0
2.0,0.0,6.0,7.0,0.0,7.0,8.0,0
2.0,0.0,5.0,6.0,0.0,13.0,7.0,0
1.0,0.0,8.0,4.0,0.0,5.0,5.0,0
2.0,0.0,6.0,4.0,0.0,9.0,5.0,0
1.0,0.0,3.963354474982382,5.0,0.0,8.0,8.0,0
0.0,0.0,6.0,7.0,0.0,9.0,4.0,0
2.0,0.0,9.0,4.0,0.0,15.0,4.0,0
0.0,0.0,8.0,4.0,0.0,13.0,5.0,0
1.0,0.0,4.0,7.0,0.0,6.0,7.0,0
3.0,0.0,7.0,5.0,0.0,6.268862911795962,7.0,0
2.0,0.0,6.0,5.0,0.0,15.0,4.0,0
7.0,1.0,0.0,2.0,1.0,5.0,1.0,0
3.0,0.0,6.0,7.0,0.0,11.0,3.564726631393298,0
1.0,0.0,5.0,7.0,0.0,9.0,7.0,0
3.0,0.0,3.0,6.0,0.0,7.0,8.0,0
3.0,0.0,4.0,5.0,0.0,12.0,4.0,0
2.0,0.0,8.0,3.0,0.0,15.0,7.0,0
2.0,0.0,5.0,6.0,0.0,12.0,3.0,0
3.0,0.0,8.0,4.0,0.0,7.0,5.0,0
11.0,1.0,0.0,2.0,1.0,3.0,0.0,0
2.0,0.0,9.0,5.0,0.0,14.0,6.0,0
0.0,0.0,7.0,5.0,0.0,9.0,4.0,0
2.0,0.0,5.0,7.0,0.0,12.0,9.0,0
3.0,0.0,6.0,6.0,0.0,6.0,9.0,0
3.0,0.0,4.0,5.0,0.0,11.0,3.564726631393298,0
1.0,0.0,7.0,6.0,0.0,13.0,6.0,0
0.0,0.0,7.0,4.0,0.0,14.0,6.0,0
9.0,1.0,2.0,2.0,1.0,1.0,2.0,0
10.0,1.0,3.0,2.0,1.0,3.0,1.0,0
0.0,0.0,8.0,7.0,0.0,13.0,7.0,0
4.0,0.0,9.0,7.0,0.0,10.0,5.0,0
3.0,0.0,5.0,4.0,0.0,10.0,6.0,0
0.0,0.0,9.0,5.0,0.0,5.0,3.0,0
3.0,0.0,9.0,6.0,0.0,9.0,7.0,0
3.0,0.0,6.0,5.0,0.0,13.0,8.0,0
2.0,0.0,9.0,4.0,0.0,7.0,9.0,0
2.0,0.0,6.0,5.0,0.0,7.0,3.0,0
0.0,0.0,7.0,7.0,0.0,9.0,7.0,0
1.0,0.0,4.0,3.0,0.0,6.0,5.0,0
10.0,1.0,2.0,0.0,1.0,3.0,1.0,0
3.0,0.0,4.0,4.0,0.0,12.0,3.0,0
3.0,0.0,5.0,4.0,0.0,5.0,5.0,0
0.0,0.0,5.0,5.0,0.0,14.0,5.0,0
3.0,0.0,9.0,5.0,0.0,11.0,3.0,0
3.0,0.0,6.0,5.0,0.0,7.0,6.0,0
3.0,0.0,6.0,5.0,0.0,9.0,4.0,0
2.0,0.0,6.0,4.0,0.0,6.268862911795962,8.0,0
1.0,0.0,6.0,4.0,0.0,13.0,4.0,0
2.0,0.0,7.0,6.0,0.0,12.0,8.0,0
7.0,1.0,3.0,0.0,1.0,3.0,0.0,0
1.0,0.0,7.0,3.0,0.0,8.0,8.0,0
4.505816002819881,0.0,6.0,6.0,0.0,12.0,6.0,0
0.0,0.0,9.0,6.0,0.0,15.0,6.0,0
2.0,0.0,6.0,6.0,0.0,8.0,6.0,0
3.0,0.0,3.963354474982382,4.0,0.0,11.0,8.0,0
3.0,0.0,4.0,5.0,0.0,11.0,7.0,0
3.0,0.0,9.0,3.0,0.0,5.0,3.0,0
2.0,0.0,9.0,5.0,0.0,8.0,10.0,0
3.0,0.0,4.0,5.0,0.0,10.0,5.0,0
2.0,0.0,7.0,7.0,0.0,9.0,9.0,0
2.0,0.0,9.0,4.0,0.0,9.0,7.0,0
0.0,0.0,4.0,4.0,0.0,7.0,4.0,0
3.0,0.0,8.0,6.0,0.0,6.0,9.0,0
3.0,0.0,4.0,5.0,0.0,10.0,6.0,0
1.0,0.0,8.0,5.0,0.0,12.0,4.0,0
0.0,0.0,4.0,5.0,0.0,11.0,5.0,0
3.0,0.0,6.0,4.0,0.0,10.0,7.0,0
8.0,1.0,2.0,2.0,1.0,4.0,2.0,0
10.0,1.0,0.0,1.0,1.0,3.0,2.0,0
3.0,0.0,8.0,4.0,0.0,12.0,6.0,0
0.0,0.0,8.0,6.0,0.0,11.0,3.0,0
2.0,0.0,9.0,7.0,0.0,7.0,8.0,0
1.0,0.0,6.0,5.0,0.0,9.0,5.0,0
1.0,0.0,7.0,5.0,0.0,14.0,9.0,0
3.0,0.0,9.0,6.0,0.0,13.0,6.0,0
0.0,0.0,4.0,5.0,0.0,15.0,7.0,0
4.505816002819881,0.0,7.0,6.0,0.0,11.0,7.0,0
11.0,1.0,0.0,1.0,1.0,3.0,0.0,0
0.0,0.0,9.0,3.0,0.0,12.0,3.564726631393298,0
1.0,0.0,8.0,5.0,0.0,8.0,9.0,0
2.0,0.0,9.0,5.0,0.0,10.0,3.0,0
3.0,0.0,8.0,7.0,0.0,10.0,3.564726631393298,0
3.0,0.0,5.0,6.0,0.0,11.0,6.0,0
0.0,0.0,7.0,4.0,0.0,11.0,4.0,0
3.0,0.0,9.0,6.0,0.0,7.0,9.0,0
4.505816002819881,0.0,6.0,5.0,0.0,12.0,7.0,0
1.0,0.0,6.0,4.0,0.0,10.0,5.0,0
0.0,0.0,9.0,3.0,0.0,12.0,8.0,0
2.0,0.0,7.0,3.0,0.0,6.268862911795962,9.0,0
1.0,0.0,4.0,6.0,0.0,6.0,7.0,0
0.0,0.0,9.0,4.0,0.0,13.0,4.0,0
10.0,1.0,0.0,0.0,1.0,3.0,1.0,0
0.0,0.0,8.0,6.0,0.0,14.0,9.0,0
2.0,0.0,7.0,4.0,0.0,15.0,8.0,0
2.0,0.0,7.0,6.0,0.0,12.0,4.0,0
0.0,0.0,5.0,6.0,0.0,5.0,5.0,0
0.0,0.0,4.0,6.0,0.0,6.0,6.0,0
1.0,0.0,5.0,6.0,0.0,11.0,3.0,0
2.0,0.0,4.0,5.0,0.0,13.0,3.0,0
1.0,0.0,5.0,4.0,0.0,15.0,8.0,0
3.0,0.0,8.0,6.0,0.0,11.0,3.0,0
3.0,0.0,9.0,4.0,0.0,7.0,3.564726631393298,0
1.0,0.0,8.0,3.0,0.0,6.0,8.0,0
3.0,0.0,8.0,6.0,0.0,11.0,9.0,0
3.0,0.0,6.0,6.0,0.0,10.0,8.0,0
3.0,0.0,6.0,3.0,0.0,6.0,5.0,0
3.0,0.0,9.0,6.0,0.0,9.0,8.0,0
0.0,0.0,5.0,7.0,0.0,6.0,7.0,0
1.0,0.0,6.0,5.0,0.0,10.0,8.0,0
1.0,0.0,6.0,7.0,0.0,12.0,6.0,0
1.0,0.0,7.0,4.0,0.0,15.0,6.0,0
0.0,0.0,7.0,5.0,0.0,6.0,3.0,0
1.0,0.0,4.0,5.0,0.0,13.0,5.0,0
2.0,0.0,9.0,5.0,0.0,12.0,5.0,0
1.0,0.0,4.0,6.0,0.0,15.0,8.0,0
3.0,0.0,3.0,7.0,0.0,8.0,7.0,0
0.0,0.0,5.0,3.0,0.0,14.0,4.0,0
0.0,0.0,7.0,3.0,0.0,5.0,6.0,0
3.0,0.0,5.0,4.0,0.0,13.0,5.0,0
0.0,0.0,4.0,3.0,0.0,9.0,7.0,0
0.0,0.0,5.0,4.0,0.0,13.0,7.0,0
2.0,0.0,9.0,7.0,0.0,13.0,10.0,0
3.0,0.0,8.0,5.0,0.0,13.0,8.0,0
10.0,1.0,2.0,2.0,1.0,5.0,2.0,0
2.0,0.0,6.0,4.0,0.0,8.0,8.0,0
0.0,0.0,5.0,6.0,0.0,5.0,4.0,0
0.0,0.0,5.0,5.0,0.0,10.0,3.0,0
1.0,0.0,5.0,3.0,0.0,5.0,5.0,0
1.0,0.0,6.0,5.0,0.0,9.0,5.0,0
9.0,1.0,2.0,2.0,1.0,1.0,2.0,0
1.0,0.0,5.0,3.0,0.0,5.0,7.0,0
2.0,0.0,6.0,5.0,0.0,14.0,9.0,0
9.0,1.0,2.0,0.0,1.0,1.0,0.0,0
2.0,0.0,10.0,7.0,0.0,6.0,4.0,0
2.0,0.0,9.0,5.0,0.0,11.0,3.0,0
4.0,1.0,3.0,0.0,1.0,0.0,0.0,0
2.0,0.0,7.0,4.0,0.0,10.0,4.0,0
2.0,0.0,4.0,5.0,0.0,13.0,6.0,0
1.0,0.0,4.0,6.0,0.0,10.0,4.0,0
1.0,0.0,5.0,7.0,0.0,10.0,3.0,0
4.505816002819881,0.0,6.0,5.0,0.0,7.0,3.0,0
2.0,0.0,5.0,3.0,0.0,7.0,4.0,0
3.0,0.0,5.0,7.0,0.0,11.0,9.0,0
11.0,1.0,0.0,0.0,1.0,3.0,2.0,0
6.0,1.0,2.0,0.0,1.0,0.0,2.0,0
2.0,0.0,9.0,3.0,0.0,12.0,5.0,0
1.0,0.0,4.0,6.0,0.0,6.268862911795962,3.0,0
3.0,0.0,5.0,6.0,0.0,8.0,6.0,0
2.0,0.0,10.0,4.0,0.0,11.0,10.0,0
0.0,0.0,4.0,5.0,0.0,5.0,6.0,0
1.0,0.0,4.0,4.0,0.0,8.0,8.0,0
2.0,0.0,5.0,4.0,0.0,6.0,4.0,0
3.0,0.0,10.0,4.0,0.0,10.0,5.0,0
2.0,0.0,10.0,6.0,0.0,11.0,8.0,0
1.0,0.0,5.0,7.0,0.0,8.0,7.0,0
2.0,0.0,4.0,5.0,0.0,7.0,3.0,0
3.0,0.0,7.0,4.0,0.0,8.0,4.0,0
4.0,0.0,4.0,7.0,0.0,15.0,8.0,0
3.0,0.0,6.0,7.0,0.0,12.0,4.0,0
2.0,0.0,8.0,7.0,0.0,12.0,5.0,0
1.0,0.0,7.0,7.0,0.0,14.0,4.0,0
0.0,0.0,8.0,5.0,0.0,11.0,6.0,0
1.0,0.0,7.0,5.0,0.0,12.0,3.0,0
3.0,0.0,8.0,6.0,0.0,7.0,6.0,0
2.0,0.0,4.0,7.0,0.0,10.0,3.0,0
1.0,0.0,8.0,3.0,0.0,7.0,3.0,0
0.0,0.0,6.0,7.0,0.0,14.0,8.0,0
0.0,0.0,6.0,5.0,0.0,7.0,7.0,0
2.0,0.0,7.0,3.0,0.0,15.0,3.0,0
1.0,0.0,8.0,3.0,0.0,14.0,9.0,0
2.0,0.0,4.0,4.0,0.0,11.0,9.0,0
9.0,1.0,2.0,1.0,1.0,4.0,0.0,0
0.0,0.0,4.0,5.0,0.0,13.0,8.0,0
2.0,0.0,8.0,3.0,0.0,6.0,7.0,0
2.0,0.0,7.0,3.0,0.0,11.0,7.0,0
0.0,0.0,6.0,4.0,0.0,11.0,7.0,0
3.0,0.0,9.0,6.0,0.0,12.0,5.0,0
0.0,0.0,7.0,5.0,0.0,7.0,9.0,0
0.0,0.0,4.0,4.0,0.0,10.0,9.0,0
3.0,0.0,7.0,4.0,0.0,12.0,3.0,0
3.0,0.0,8.0,4.0,0.0,12.0,6.0,0
0.0,0.0,3.963354474982382,5.0,0.0,9.0,6.0,0
1.0,0.0,6.0,6.0,0.0,6.0,8.0,0
2.0,0.0,6.0,7.0,0.0,8.0,9.0,0
3.0,0.0,9.0,5.0,0.0,11.0,6.0,0
0.0,0.0,5.0,3.0,0.0,8.0,6.0,0
0.0,0.0,6.0,5.0,0.0,10.0,3.564726631393298,0
4.505816002819881,0.0,9.0,5.0,0.0,10.0,3.0,0
2.0,0.0,7.0,4.0,0.0,7.0,3.0,0
2.0,0.0,8.0,6.0,0.0,13.0,10.0,0
3.0,0.0,4.0,3.0,0.0,15.0,9.0,0
1.0,0.0,8.0,4.0,0.0,10.0,8.0,0
0.0,0.0,5.0,4.0,0.0,7.0,3.0,0
0.0,0.0,6.0,6.0,0.0,15.0,9.0,0
2.0,0.0,7.0,5.0,0.0,14.0,3.0,0
2.0,0.0,5.0,4.0,0.0,5.0,4.0,0
3.0,0.0,9.0,7.0,0.0,10.0,6.0,0
1.0,0.0,6.0,7.0,0.0,8.0,3.564726631393298,0
2.0,0.0,6.0,6.0,0.0,7.0,4.0,0
3.0,0.0,5.0,5.0,0.0,10.0,9.0,0
3.0,0.0,7.0,7.0,0.0,9.0,8.0,0
4.505816002819881,0.0,9.0,5.0,0.0,9.0,4.0,0
3.0,0.0,5.0,7.0,0.0,10.0,7.0,0
4.505816002819881,0.0,5.0,3.0,0.0,15.0,3.0,0
1.0,0.0,5.0,7.0,0.0,6.0,9.0,0
1.0,0.0,6.0,5.0,0.0,13.0,3.0,0
2.0,0.0,4.0,5.0,0.0,6.268862911795962,9.0,0
2.0,0.0,8.0,4.0,0.0,11.0,9.0,0
2.0,0.0,7.0,4.0,0.0,12.0,4.0,0
3.0,0.0,6.0,5.0,0.0,10.0,6.0,0
3.0,0.0,9.0,6.0,0.0,15.0,6.0,0
6.0,1.0,1.0,0.0,1.0,4.0,2.0,0
2.0,0.0,4.0,5.0,0.0,8.0,5.0,0
1.0,0.0,7.0,7.0,0.0,9.0,5.0,0
2.0,0.0,8.0,5.0,0.0,14.0,5.0,0
2.0,0.0,5.0,3.0,0.0,9.0,3.0,0
1.0,0.0,9.0,5.0,0.0,10.0,5.0,0
1.0,0.0,6.0,6.0,0.0,7.0,5.0,0
3.0,0.0,9.0,5.0,0.0,7.0,4.0,0
3.0,0.0,6.0,7.0,0.0,15.0,5.0,0
0.0,0.0,8.0,5.0,0.0,8.0,7.0,0
3.0,0.0,5.0,4.0,0.0,8.0,4.0,0
4.0,1.0,1.0,0.0,1.0,2.0,2.0,0
1.0,0.0,5.0,5.0,0.0,10.0,3.0,0
3.0,0.0,5.0,6.0,0.0,10.0,9.0,0
2.0,0.0,9.0,3.0,0.0,10.0,3.564726631393298,0
3.0,0.0,9.0,6.0,0.0,10.0,4.0,0
1.0,0.0,5.0,5.0,0.0,14.0,9.0,0
2.0,0.0,7.0,4.0,0.0,13.0,7.0,0
0.0,0.0,5.0,4.0,0.0,9.0,9.0,0
2.0,0.0,4.0,4.0,0.0,9.0,7.0,0
2.0,0.0,3.0,5.0,0.0,6.268862911795962,5.0,0
1.0,0.0,9.0,5.0,0.0,7.0,8.0,0
2.0,0.0,4.0,4.0,0.0,10.0,3.0,0
2.0,0.0,4.0,5.0,0.0,6.0,3.564726631393298,0
0.0,0.0,8.0,4.0,0.0,11.0,6.0,0
2.0,0.0,8.0,6.0,0.0,7.0,9.0,0
0.0,0.0,8.0,6.0,0.0,9.0,3.0,0
2.0,0.0,4.0,5.0,0.0,11.0,7.0,0
0.0,0.0,7.0,4.0,0.0,7.0,4.0,0
3.0,0.0,4.0,4.0,0.0,9.0,3.0,0
1.0,0.0,5.0,6.0,0.0,4.0,9.0,0
0.0,0.0,4.0,6.0,0.0,6.0,6.0,0
3.0,0.0,4.0,3.0,0.0,9.0,7.0,0
0.0,0.0,8.0,7.0,0.0,11.0,7.0,0
10.0,1.0,0.0,2.0,1.0,4.0,1.0,0
0.0,0.0,6.0,5.0,0.0,12.0,6.0,0
3.0,0.0,4.0,3.0,0.0,15.0,8.0,0
0.0,0.0,7.0,7.0,0.0,9.0,8.0,0
3.0,0.0,4.0,7.0,0.0,12.0,9.0,0
0.0,0.0,7.0,5.0,0.0,13.0,4.0,0
0.0,0.0,6.0,4.0,0.0,14.0,8.0,0
2.0,0.0,5.0,4.0,0.0,8.0,7.0,0
1.0,0.0,5.0,4.0,0.0,6.0,8.0,0
0.0,0.0,8.0,6.0,0.0,5.0,5.0,0
3.0,0.0,5.0,5.0,0.0,14.0,8.0,0
4.0,0.0,9.0,4.0,0.0,8.0,10.0,0
3.0,0.0,8.0,5.0,0.0,6.268862911795962,8.0,0
2.0,0.0,9.0,4.0,0.0,6.268862911795962,8.0,0
1.0,0.0,8.0,5.0,0.0,10.0,8.0,0
0.0,0.0,4.0,6.0,0.0,13.0,8.0,0
4.505816002819881,0.0,9.0,5.0,0.0,8.0,3.0,0
1.0,0.0,5.0,6.0,0.0,8.0,10.0,0
8.0,1.0,2.0,2.0,1.0,2.0,2.0,0
3.0,0.0,6.0,5.0,0.0,13.0,9.0,0
2.0,0.0,6.0,7.0,0.0,14.0,8.0,0
2.0,0.0,8.0,7.0,0.0,15.0,6.0,0
3.0,0.0,5.0,5.0,0.0,11.0,9.0,0
3.0,0.0,8.0,4.0,0.0,12.0,7.0,0
3.0,0.0,4.0,5.0,0.0,8.0,3.0,0
4.505816002819881,0.0,4.0,6.0,0.0,7.0,9.0,0
3.0,0.0,6.0,4.0,0.0,8.0,5.0,0
3.0,0.0,4.0,6.0,0.0,9.0,9.0,0
3.0,0.0,8.0,5.0,0.0,7.0,9.0,0
2.0,0.0,10.0,7.0,0.0,10.0,4.0,0
3.0,0.0,5.0,6.0,0.0,13.0,3.0,0
0.0,0.0,7.0,5.0,0.0,12.0,3.0,0
0.0,0.0,5.0,4.0,0.0,8.0,7.0,0
3.0,0.0,6.0,6.0,0.0,8.0,6.0,0
0.0,0.0,9.0,6.0,0.0,8.0,3.0,0
3.0,0.0,6.0,7.0,0.0,14.0,10.0,0
2.0,0.0,7.0,5.0,0.0,15.0,7.0,0
0.0,0.0,7.0,7.0,0.0,4.0,6.0,0
1.0,0.0,5.0,5.0,0.0,11.0,3.0,0
2.0,0.0,4.0,5.0,0.0,13.0,4.0,0
3.0,0.0,9.0,5.0,0.0,5.0,3.0,0
0.0,0.0,5.0,7.0,0.0,6.0,9.0,0
0.0,0.0,7.0,3.0,0.0,8.0,7.0,0
4.0,0.0,8.0,7.0,0.0,11.0,7.0,0
3.0,0.0,6.0,4.0,0.0,7.0,5.0,0
3.0,0.0,7.0,6.0,0.0,8.0,5.0,0
0.0,0.0,4.0,7.0,0.0,11.0,3.0,0
1.0,0.0,9.0,3.0,0.0,7.0,6.0,0
2.0,0.0,8.0,5.0,0.0,8.0,9.0,0
2.0,0.0,8.0,4.0,0.0,7.0,8.0,0
3.0,0.0,6.0,6.0,0.0,14.0,3.0,0
3.0,0.0,4.0,4.0,0.0,11.0,3.0,0
1.0,0.0,8.0,6.0,0.0,10.0,4.0,0
1.0,0.0,4.0,3.0,0.0,10.0,5.0,0
1.0,0.0,6.0,6.0,0.0,5.0,8.0,0
2.0,0.0,8.0,4.0,0.0,14.0,9.0,0
0.0,0.0,7.0,5.0,0.0,7.0,6.0,0
0.0,0.0,9.0,4.0,0.0,8.0,7.0,0
1.0,0.0,4.0,7.0,0.0,7.0,7.0,0
2.0,0.0,8.0,5.0,0.0,13.0,6.0,0
0.0,0.0,6.0,6.0,0.0,8.0,8.0,0
1.0,0.0,3.963354474982382,5.0,0.0,9.0,5.0,0
3.0,0.0,9.0,7.0,0.0,6.0,6.0,0
5.0,1.0,3.0,1.0,1.0,1.0,1.0,0
0.0,0.0,5.0,3.0,0.0,15.0,5.0,0
3.0,0.0,4.0,5.0,0.0,6.0,3.564726631393298,0
3.0,0.0,4.0,6.0,0.0,7.0,4.0,0
0.0,0.0,6.0,6.0,0.0,8.0,7.0,0
1.0,0.0,8.0,3.0,0.0,5.0,9.0,0
2.0,0.0,5.0,5.0,0.0,7.0,6.0,0
3.0,0.0,7.0,4.0,0.0,12.0,5.0,0
2.0,0.0,7.0,7.0,0.0,10.0,8.0,0
3.0,0.0,5.0,5.0,0.0,8.0,8.0,0
0.0,0.0,6.0,5.0,0.0,4.0,9.0,0
0.0,0.0,4.0,3.0,0.0,14.0,9.0,0
1.0,0.0,8.0,6.0,0.0,12.0,5.0,0
2.0,0.0,9.0,4.0,0.0,14.0,3.0,0
1.0,0.0,9.0,3.0,0.0,8.0,7.0,0
3.0,0.0,6.0,4.0,0.0,8.0,6.0,0
2.0,0.0,4.0,6.0,0.0,13.0,6.0,0
1.0,0.0,6.0,5.0,0.0,10.0,8.0,0
0.0,0.0,6.0,5.0,0.0,9.0,6.0,0
2.0,0.0,9.0,7.0,0.0,10.0,6.0,0
4.0,0.0,5.0,5.0,0.0,15.0,8.0,0
0.0,0.0,9.0,5.0,0.0,8.0,7.0,0
2.0,0.0,8.0,5.0,0.0,7.0,9.0,0
2.0,0.0,4.0,7.0,0.0,13.0,4.0,0
1.0,0.0,4.0,7.0,0.0,12.0,3.0,0
0.0,0.0,7.0,5.0,0.0,11.0,9.0,0
3.0,0.0,6.0,4.0,0.0,12.0,5.0,0
3.0,0.0,5.0,5.0,0.0,6.0,6.0,0
0.0,0.0,6.0,4.0,0.0,11.0,5.0,0
1.0,0.0,9.0,4.0,0.0,15.0,3.564726631393298,0
0.0,0.0,5.0,4.0,0.0,5.0,3.0,0
0.0,0.0,5.0,6.0,0.0,11.0,8.0,0
3.0,0.0,6.0,6.0,0.0,10.0,7.0,0
1.0,0.0,8.0,4.0,0.0,6.0,7.0,0
10.0,1.0,2.0,2.0,1.0,2.0,1.0,0
1.0,0.0,4.0,4.0,0.0,7.0,5.0,0
3.0,0.0,9.0,4.0,0.0,13.0,5.0,0
0.0,0.0,3.963354474982382,3.0,0.0,11.0,5.0,0
0.0,0.0,4.0,7.0,0.0,13.0,6.0,0
2.0,0.0,8.0,6.0,0.0,15.0,7.0,0
0.0,0.0,5.0,5.0,0.0,10.0,8.0,0
0.0,0.0,8.0,4.0,0.0,14.0,7.0,0
3.0,0.0,9.0,3.0,0.0,15.0,6.0,0
10.0,1.0,2.0,0.0,1.0,2.0,0.0,0
3.0,0.0,6.0,5.0,0.0,10.0,4.0,0
0.0,0.0,4.0,6.0,0.0,13.0,7.0,0
1.0,0.0,6.0,6.0,0.0,6.268862911795962,7.0,0
0.0,0.0,8.0,5.0,0.0,15.0,9.0,0
3.0,0.0,9.0,6.0,0.0,12.0,5.0,0
4.505816002819881,0.0,7.0,3.0,0.0,15.0,7.0,0
2.0,0.0,4.0,6.0,0.0,5.0,8.0,0
0.0,0.0,6.0,5.0,0.0,5.0,5.0,0
0.0,0.0,4.0,6.0,0.0,14.0,5.0,0
0.0,0.0,9.0,5.0,0.0,11.0,8.0,0
1.0,0.0,8.0,3.0,0.0,5.0,9.0,0
0.0,0.0,4.0,4.0,0.0,6.0,5.0,0
0.0,0.0,4.0,7.0,0.0,7.0,6.0,0
0.0,0.0,5.0,3.0,0.0,14.0,7.0,0
0.0,0.0,4.0,6.0,0.0,8.0,8.0,0
1.0,0.0,7.0,6.0,0.0,12.0,4.0,0
4.0,0.0,9.0,7.0,0.0,13.0,5.0,0
0.0,0.0,8.0,4.0,0.0,14.0,5.0,0
3.0,0.0,8.0,4.0,0.0,9.0,8.0,0
3.0,0.0,9.0,3.0,0.0,14.0,4.0,0
1.0,0.0,6.0,3.0,0.0,10.0,8.0,0
3.0,0.0,7.0,4.0,0.0,11.0,3.0,0
3.0,0.0,7.0,4.0,0.0,6.0,6.0,0
4.505816002819881,0.0,7.0,5.0,0.0,11.0,6.0,0
1.0,0.0,8.0,6.0,0.0,12.0,3.0,0
2.0,0.0,5.0,3.0,0.0,12.0,8.0,0
0.0,0.0,5.0,7.0,0.0,12.0,9.0,0
1.0,0.0,5.0,4.0,0.0,14.0,7.0,0
2.0,0.0,6.0,3.0,0.0,11.0,7.0,0
3.0,0.0,4.0,7.0,0.0,7.0,7.0,0
1.0,0.0,4.0,6.0,0.0,5.0,3.0,0
2.0,0.0,4.0,7.0,0.0,4.0,8.0,0
0.0,0.0,3.963354474982382,6.0,0.0,12.0,8.0,0
1.0,0.0,4.0,5.0,0.0,12.0,5.0,0
0.0,0.0,7.0,4.0,0.0,11.0,6.0,0
8.0,1.0,0.0,0.0,1.0,2.0,1.0,0
3.0,0.0,7.0,3.0,0.0,9.0,4.0,0
1.0,0.0,6.0,7.0,0.0,13.0,10.0,0
3.0,0.0,6.0,5.0,0.0,7.0,9.0,0
2.0,0.0,9.0,5.0,0.0,9.0,9.0,0
0.0,0.0,3.0,5.0,0.0,7.0,3.0,0
2.0,0.0,5.0,7.0,0.0,14.0,7.0,0
0.0,0.0,9.0,6.0,0.0,11.0,5.0,0
4.505816002819881,1.0,1.0,0.0,1.0,3.0,2.0,0
1.0,0.0,6.0,3.0,0.0,11.0,8.0,0
3.0,0.0,4.0,3.0,0.0,14.0,8.0,0
2.0,0.0,3.0,4.0,0.0,8.0,7.0,0
11.0,1.0,0.0,1.0,1.0,1.0,1.0,0
3.0,0.0,8.0,5.0,0.0,10.0,3.564726631393298,0
1.0,0.0,7.0,4.0,0.0,9.0,6.0,0
3.0,0.0,6.0,7.0,0.0,10.0,8.0,0
0.0,0.0,6.0,4.0,0.0,7.0,6.0,0
6.0,1.0,2.0,0.0,1.0,2.0,2.0,0
0.0,0.0,9.0,4.0,0.0,6.268862911795962,7.0,0
7.0,1.0,1.0,1.0,1.0,3.0,0.0,0
3.0,0.0,7.0,3.0,0.0,5.0,6.0,0
1.0,0.0,5.0,7.0,0.0,4.0,5.0,0
2.0,0.0,7.0,4.0,0.0,10.0,7.0,0
4.505816002819881,0.0,3.0,6.0,0.0,4.0,8.0,0
0.0,0.0,8.0,6.0,0.0,11.0,9.0,0
3.0,0.0,8.0,4.0,0.0,6.268862911795962,9.0,0
2.0,0.0,6.0,4.0,0.0,13.0,5.0,0
2.0,0.0,7.0,6.0,0.0,12.0,7.0,0
1.0,0.0,8.0,5.0,0.0,10.0,4.0,0
2.0,0.0,4.0,6.0,0.0,11.0,5.0,0
3.0,0.0,4.0,7.0,0.0,8.0,4.0,0
3.0,0.0,4.0,4.0,0.0,13.0,4.0,0
0.0,0.0,5.0,3.0,0.0,9.0,5.0,0
2.0,0.0,5.0,3.0,0.0,12.0,3.0,0
3.0,0.0,4.0,4.0,0.0,11.0,7.0,0
3.0,0.0,9.0,4.0,0.0,11.0,5.0,0
0.0,0.0,8.0,5.0,0.0,14.0,8.0,0
3.0,0.0,5.0,6.0,0.0,14.0,3.0,0
2.0,0.0,7.0,5.0,0.0,9.0,8.0,0
2.0,0.0,9.0,6.0,0.0,9.0,6.0,0
3.0,0.0,8.0,3.0,0.0,14.0,9.0,0
2.0,0.0,4.0,4.0,0.0,10.0,5.0,0
3.0,0.0,5.0,5.0,0.0,6.0,9.0,0
2.0,0.0,7.0,3.0,0.0,14.0,6.0,0
0.0,0.0,9.0,3.0,0.0,10.0,3.564726631393298,0
3.0,0.0,8.0,5.0,0.0,8.0,9.0,0
2.0,0.0,6.0,3.0,0.0,8.0,3.0,0
1.0,0.0,6.0,7.0,0.0,8.0,9.0,0
2.0,0.0,4.0,4.0,0.0,9.0,8.0,0
1.0,0.0,7.0,3.0,0.0,7.0,4.0,0
0.0,0.0,6.0,6.0,0.0,10.0,3.0,0
2.0,0.0,9.0,6.0,0.0,10.0,7.0,0
11.0,1.0,0.0,1.0,1.0,1.0,2.0,0
3.0,0.0,6.0,7.0,0.0,13.0,6.0,0
0.0,0.0,8.0,6.0,0.0,6.0,10.0,0
2.0,0.0,9.0,6.0,0.0,11.0,5.0,0
7.0,1.0,0.0,1.0,1.0,0.0,0.0,0
1.0,0.0,4.0,4.0,0.0,14.0,6.0,0
2.0,0.0,7.0,5.0,0.0,10.0,5.0,0
3.0,0.0,9.0,5.0,0.0,14.0,7.0,0
0.0,0.0,9.0,3.0,0.0,15.0,3.564726631393298,0
3.0,0.0,9.0,4.0,0.0,10.0,5.0,0
0.0,0.0,9.0,5.0,0.0,11.0,6.0,0
3.0,0.0,9.0,4.0,0.0,13.0,9.0,0
3.0,0.0,6.0,7.0,0.0,15.0,9.0,0
0.0,0.0,4.0,5.0,0.0,6.0,3.0,0
1.0,0.0,9.0,3.0,0.0,9.0,5.0,0
0.0,0.0,4.0,4.0,0.0,11.0,4.0,0
2.0,0.0,5.0,4.0,0.0,8.0,8.0,0
5.0,1.0,3.0,2.0,1.0,3.0,2.0,0
0.0,0.0,9.0,5.0,0.0,6.0,7.0,0
7.0,1.0,2.0,2.0,1.0,1.0,1.0,0
0.0,0.0,5.0,3.0,0.0,11.0,9.0,0
2.0,0.0,7.0,5.0,0.0,8.0,3.564726631393298,0
1.0,0.0,7.0,4.0,0.0,13.0,9.0,0
0.0,0.0,7.0,4.0,0.0,9.0,8.0,0
3.0,0.0,7.0,4.0,0.0,9.0,8.0,0
0.0,0.0,9.0,6.0,0.0,14.0,7.0,0
4.0,1.0,3.0,2.0,1.0,2.0,2.0,0
2.0,0.0,7.0,4.0,0.0,7.0,5.0,0
0.0,0.0,6.0,3.0,0.0,6.268862911795962,7.0,0
3.0,0.0,7.0,5.0,0.0,6.0,4.0,0
0.0,0.0,6.0,5.0,0.0,11.0,8.0,0
1.0,0.0,6.0,7.0,0.0,14.0,9.0,0
10.0,1.0,0.0,2.0,1.0,4.0,1.0,0
1.0,0.0,8.0,3.0,0.0,8.0,8.0,0
2.0,0.0,7.0,4.0,0.0,12.0,8.0,0
0.0,0.0,5.0,7.0,0.0,9.0,6.0,0
1.0,0.0,9.0,3.0,0.0,8.0,5.0,0
3.0,0.0,6.0,5.0,0.0,14.0,5.0,0
3.0,0.0,4.0,5.0,0.0,13.0,7.0,0
2.0,0.0,5.0,4.0,0.0,12.0,5.0,0
3.0,0.0,5.0,4.0,0.0,13.0,5.0,0
1.0,0.0,7.0,3.0,0.0,12.0,3.0,0
2.0,0.0,4.0,4.0,0.0,8.0,7.0,0
2.0,0.0,5.0,7.0,0.0,10.0,5.0,0
1.0,0.0,8.0,6.0,0.0,9.0,6.0,0
11.0,1.0,1.0,1.0,1.0,3.0,0.0,0
2.0,0.0,8.779577229681133,5.110211385159434,0.0,14.0,7.110211385159434,1
10.927355398912805,1.0,0.0,0.0,1.0,4.072644601087195,1.0726446010871946,1
0.3618454343107652,0.0,6.0,4.361845434310765,0.0,12.638154565689234,6.0,1
9.0,1.0,0.0,1.6125589272208356,1.0,3.0,1.0,1
6.0,1.0,3.0,0.23043068853945603,1.0,4.0,0.0,1
11.0,1.0,0.5726804757939541,0.4273195242060459,0.4273195242060459,2.0,0.0,1
0.01049791211934148,0.0,6.0,4.020995824238683,0.0,12.989502087880659,6.020995824238683,1
10.0,1.0,2.0,0.0,1.0,4.440136048803799,0.0,1
7.136557026435532,1.0,0.0,1.8634429735644682,1.0,3.0,0.0,1
5.0,1.0,3.0,0.20735494145385402,1.0,3.0,1.0,1
8.0,1.0,1.0,0.0,1.0,1.4413810819620774,1.5586189180379226,1
8.0,1.0,2.0,0.8423374554243899,1.0,3.0,2.0,1
10.0,1.0,2.0,2.0,1.0,2.1183332708046527,0.0,1
11.0,1.0,2.9190918545924336,0.0,1.0,5.102661344969856,0.0,1
5.8774463430505035,1.0,3.0,0.0,1.0,3.0,0.12255365694949649,1
10.038343452329475,1.0,2.0,2.0,1.0,3.0,0.0,1
5.0,1.0,2.0,2.0,1.0,1.6705751205570512,2.0,1
9.0,1.0,3.0,2.3135613491777,1.0,3.3135613491777,2.0,1
10.0,1.0,1.3457960924964758,0.0,1.0,2.0,1.0,1
4.0,1.0,2.0,1.0,1.0,2.5451465344209234,1.0,1
11.0,0.5309421404953898,0.0,2.0,1.0,2.46905785950461,1.4690578595046102,1
5.195254266565335,1.0,1.0,1.1952542665653352,1.0,5.0,2.0,1
7.069518463752194,1.0,0.0,1.9304815362478056,1.0,3.0,0.0,1
5.0,1.0,1.8409883834924838,3.0,1.0,3.840988383492484,3.4749285368506055,1
8.533827133930771,1.0,2.0,1.4661728660692286,1.0,1.0,0.0,1
4.619419348001207,1.0,1.3805806519987929,0.0,1.0,5.0,1.0,1
6.291899522667493,1.0,2.0,2.0,0.2918995226674934,3.0,1.0,1
7.0,1.0,1.0,0.8928165521857656,1.0,1.0,0.8928165521857656,1
5.756698066073647,1.0,2.243301933926353,2.0,1.0,5.0,1.0,1
7.003262319921357,1.0,2.0,0.0,1.0,1.0,1.0,1
7.0,1.0,2.0,0.7716764993074099,1.0,5.979151689875715,1.0,1
8.227059844338259,1.0,0.7729401556617412,2.0,1.0,3.0,3.1282267410178313,1
4.0,1.0,2.0,1.0,0.8695103455629204,2.0,2.0,1
10.0,1.0,0.0,1.0,1.0,1.4201659199911383,1.0,1
7.0,1.0,0.7500071941184488,0.0,1.0,1.750007194118449,2.0,1
7.5099035156947025,1.0,2.0,2.0,1.0,3.0,1.0,1
7.0,1.0,2.0,2.0,1.0,3.8411483925972005,1.0,1
2.6307432132005686,0.0,8.630743213200569,4.630743213200568,0.0,9.369256786799431,4.630743213200568,1
7.0,1.0,1.0,1.0,1.0,2.924219557405518,0.0,1
4.994692291707462,1.0,2.0,0.0,1.0,4.0,0.005307708292537905,1
8.32091434686741,1.0,0.0,2.0,1.0,0.32091434686741016,0.0,1
7.0,1.0,3.0,1.0,1.0,1.4013051098461207,0.0,1
10.0,1.0,2.0,0.0,1.0,4.3846396390694204,0.3846396390694208,1
10.0,1.0,1.0,0.0,1.0,1.0,1.2233577741785338,1
5.836234597516904,1.0,3.0,2.1637654024830963,1.0,0.8362345975169037,1.0,1
6.0,1.0,0.9919509232945191,0.0,1.0,3.0,1.0,1
7.643966167756069,1.0,1.0,2.0,1.0,1.0,1.0,1
11.0,1.0,0.0,2.0,1.0,2.0,0.5814649478503542,1
10.0,1.0,3.0,0.6432627031280657,1.0,2.0,0.6432627031280657,1
10.0,1.0,0.8528689009403855,0.0,1.0,2.0,1.0,1
10.529984951930846,1.0,1.0,0.4700150480691532,1.0,4.0,1.0,1
5.0,1.0,2.0,2.0,1.0,1.4605591834296532,2.0,1
10.0,1.0,2.387719775181506,0.0,1.0,2.0,0.6122802248184943,1
6.0,1.0,3.0,1.6123811480856476,1.0,0.6123811480856476,1.0,1
8.530635836615236,1.0,0.46936416338476383,1.5306358366152362,1.0,5.0,2.0,1
6.0,1.0,2.0,2.0,1.0,5.0,1.141606739990841,1
9.0,1.0,0.0,2.0,1.0,3.0,1.0,1
5.0,1.0,3.0,1.0887607090842037,1.0,3.0,1.0,1
6.443692251582344,1.0,0.0,2.443692251582344,1.0,1.0,0.0,1
7.0,1.0,2.0,2.0,1.0,3.98065834665029,1.0,1
5.8165460847094295,1.0,1.0,0.0,1.0,1.0,0.0,1
6.0,0.331778609303487,3.0,2.668221390696513,1.0,3.0,1.0,1
6.176171427721517,1.0,1.0,0.0,1.0,1.0,0.0,1
5.762951745246283,1.0,3.0,2.0,1.0,1.0,1.0,1
0.6408729064382347,0.0,8.359127093561765,6.0,0.0,10.922618719314704,8.359127093561765,1
9.0,1.0,0.0,1.0,1.0,2.4850776245106787,1.0,1
0.16703271133237763,0.0,7.6659345773352445,7.0,0.0,10.498901866002868,6.832967288667622,1
7.0,1.0,3.0,0.4525680193150968,1.0,1.452568019315097,0.0,1
8.734497308763574,1.0,3.0,1.2655026912364267,1.0,1.0,2.0,1
4.0,1.0,0.32071403527107123,0.0,1.0,1.0,2.0,1
7.0,1.0,1.0,0.0,1.0,4.294926820966234,0.0,1
7.265399946937636,1.0,2.0,2.0,1.0,3.0,1.0,1
9.0,1.0,0.0,2.0,1.0,0.7852485812844756,2.0,1
2.1209481894552282,0.0,3.9677866848848993,4.0,0.0,12.241896378910457,5.2418963789104565,1
8.97321920377874,1.0,1.0,0.0,1.0,4.0,1.02678079622126,1
10.972696842505146,1.0,3.0,2.0,1.0,4.972696842505146,2.0,1
4.0,1.0,0.0,0.9896866093718077,1.0,3.0,0.010313390628192254,1
11.0,1.0,1.927510789131322,0.0,1.0,4.0,1.0,1
10.0,1.0,0.04548878701862047,0.0,1.0,5.0,1.9545112129813795,1
4.0,1.0,3.0,1.0,1.0,3.53025405566563,1.0,1
5.0,0.11572937921239757,3.0,0.0,1.0,4.1157293792123975,0.0,1
4.0,1.0,1.0,2.0,1.0,1.3084284332815863,0.6915715667184138,1
7.0,1.0,0.0,0.0,1.0,2.7239521834312415,1.0,1
4.0,1.0,0.5574466044467377,0.0,1.0,1.5574466044467377,0.0,1
10.0,1.0,2.0,0.0,1.0,4.278304229705173,0.0,1
5.316916677971386,1.0,1.0,0.0,0.6830833220286147,5.0,1.3169166779713852,1
9.0,1.0,2.1069439005418937,0.0,1.0,2.0,0.0,1
4.58270066552063,1.0,0.58270066552063,2.58270066552063,1.0,1.0,0.0,1
7.0,1.0,1.0749563663232817,1.0749563663232817,1.0,1.0,1.0,1
10.70422838320835,1.0,2.0,2.0,1.0,5.0,0.29577161679165,1
8.0,1.0,0.0,2.0,1.0,0.12073912291665001,0.12073912291665001,1
8.0,1.0,1.0,1.5460923077360962,1.0,2.546092307736096,3.0,1
5.0,1.0,3.0,0.7689390782616278,1.0,3.0,1.0,1
7.0,1.0,1.0618370135950128,1.0,1.0,1.0,1.0618370135950128,1
4.0,1.0,1.3645360614292168,2.0,1.0,5.0,0.3645360614292168,1
10.0,1.0,2.9858787571353664,1.9858787571353664,1.0,1.0,2.0,1
8.796375711479925,1.0,0.0,2.0,1.0,3.0,2.0,1
9.0,1.0,2.710308081254302,1.0,1.0,2.0,0.0,1
1.0,0.0,6.0,5.742463912786861,0.0,12.0,7.484927825573722,1
5.873094743778144,1.0,3.0,1.0,1.0,3.8730947437781444,1.0,1
9.0,1.0,2.0,0.33326394900923284,1.0,0.6667360509907672,2.0,1
4.744170816489423,1.0,1.0,0.0,1.0,1.4823199760203223,2.0,1
7.7702187938021865,1.0,2.0,2.0,1.0,4.0,0.0,1
5.163228194925293,1.0,3.0,0.0,1.0,5.0,0.0,1
6.0,1.0,2.0596193726969227,1.0,1.0,0.9403806273030771,1.0,1
11.0,1.0,1.8150838720199556,1.0,1.0,0.8150838720199556,2.0,1
9.0,1.0,0.0,2.0,1.0,2.6381968988404627,2.9986036836882866,1
7.871944189621204,1.0,2.0,2.0,1.0,3.0,1.0,1
4.609887533544552,1.0,3.0,0.0,1.0,1.7894073233481504,1.0,1
9.0,0.6052308487502412,1.0,1.0,1.0,2.0,0.0,1
11.0,1.0,1.3645235722540434,1.0,1.0,0.3645235722540434,2.0,1
6.083065173030724,1.0,1.0,0.0,1.0,2.0,0.0,1
5.0,1.0,3.0,2.0,1.0,2.1494009132169345,1.0,1
4.422036505119307,1.0,0.422036505119307,1.0,1.0,5.0,2.904354872412964,1
9.0,1.0,1.0,2.0,0.6956810590007267,4.3043189409992735,1.6956810590007267,1
6.0,1.0,2.0,1.6739667437752788,1.0,2.0,1.0,1
4.52098221698869,1.0,2.969310592298922,0.0,1.0,4.969310592298922,2.0,1
5.337815148428245,1.0,3.0,2.0,1.0,2.0,1.3378151484282452,1
4.0,1.0,2.06922662816488,1.0,1.0,3.0,1.0,1
11.0,1.0,2.0,0.0,1.0,4.217190605789142,0.7828093942108578,1
4.0,1.0,2.0,0.41197862712032696,1.0,2.0,2.0,1
8.0,1.0,0.0,2.0,1.0,0.9011011353273267,0.9011011353273267,1
4.0,1.0,1.0,0.0,1.0,2.1414980208317673,1.8585019791682327,1
7.0,1.0,3.0,1.2270630083703524,1.0,0.7729369916296476,0.0,1
4.0,1.0,2.0,0.4801953156115938,1.0,3.0,1.0,1
6.0,1.0,2.0,1.9342077199330665,1.0,5.0,2.0,1
10.418887017037875,1.0,2.0,0.0,1.0,4.581112982962125,1.0,1
11.0,1.0,2.0,1.0,1.0,1.0,1.2082854155574667,1
5.0,1.0,0.417570495788814,0.582429504211186,1.0,4.0,2.0,1
8.938760314130578,1.0,0.0,2.0,1.0,0.9387603141305776,0.0,1
6.220216732719631,1.0,3.0,1.0,1.0,2.0,0.0,1
7.0,1.0,3.0,1.0,1.0,1.0212799027403758,0.9787200972596242,1
6.0,1.0,2.0,2.0,0.0060581703844116985,2.993941829615588,1.0,1
5.673908009392838,1.0,2.0,0.0,1.0,2.0,0.0,1
7.753605875142473,1.0,3.0,2.0,1.0,1.0,2.0,1
4.0,1.0,2.421702472974874,1.0,1.0,4.421702472974874,0.0,1
9.313973026534713,1.0,0.0,1.0,1.0,4.0,2.0,1
6.0,1.0,2.0,0.0,1.0,2.0,0.96426356989894,1
4.0,1.0,2.0,1.0,1.0,2.8983096708436826,0.10169032915631748,1
6.0,1.0,2.7367986636539,0.2632013363461001,1.0,3.0,0.0,1
11.0,1.0,1.3303441923652857,1.0,1.0,1.0,1.0,1
6.0,1.0,1.0,0.0,1.0,1.5944065798747382,0.0,1
4.0,1.0,2.6166435014243756,1.0,1.0,4.616643501424376,0.0,1
9.0,1.0,2.0,1.0,1.0,1.4798406806396287,0.0,1
5.0,1.0,0.0,0.0,1.0,2.0,0.8389519215232369,1
4.113825742851978,0.11382574285197822,3.0,0.0,0.11382574285197822,1.8861742571480218,0.0,1
5.0,1.0,3.0,1.0,1.0,2.3752402349987674,1.0,1
9.565995972846496,1.0,0.0,2.0,1.0,4.0,0.0,1
5.641179431512791,1.0,1.0,1.6411794315127914,1.0,5.0,0.0,1
10.0,1.0,0.0,0.502995824363683,1.0,3.502995824363683,0.0,1
8.0,1.0,1.0,1.4317013228487678,1.0,2.4317013228487676,3.0,1
11.0,1.0,3.0,1.5224496958425136,1.0,4.0,0.0,1
4.475982337146919,0.9410187390145011,3.0,0.0,0.9410187390145011,2.0,0.9410187390145011,1
11.0,1.0,3.0,2.0,1.0,4.555870279243029,1.5558702792430297,1
5.925070785645706,1.0,0.9250707856457059,0.0,1.0,4.0,0.0,1
9.0,1.0,2.26601682397286,2.73398317602714,1.0,3.73398317602714,2.0,1
4.898687629913271,1.0,2.0,2.0,1.0,1.794990589203957,2.0,1
10.0,1.0,0.0,1.4154603262706762,1.0,2.0,2.0,1
10.0,1.0,2.0,0.0,1.0,4.832920504539786,0.0,1
6.0,1.0,2.0,0.0,1.0,1.7311728104866118,1.2688271895133882,1
11.0,1.0,3.0,1.7068275179549381,1.0,4.0,0.0,1
6.0,1.0,3.0,0.0,1.0,4.345683721590803,0.0,1
10.0,1.0,0.9899246594984761,0.010075340501523922,1.0,1.0,2.0,1
5.0,1.0,1.0,0.45690149794368473,1.0,5.0,0.5430985020563153,1
7.0,1.0,3.1572796760244035,0.0,1.0,1.0,0.0,1
7.0,1.0,3.0,0.7648053241130268,1.0,1.7648053241130268,0.0,1
8.0,1.0,1.893271127187723,2.0,1.0,1.0,0.0,1
10.0,1.0,1.0,2.0,1.0,2.6753729897222103,0.0,1
8.0,1.0,3.0,0.38566640573231026,1.0,3.0,0.0,1
5.678446914650876,1.0,2.321553085349124,1.0,1.0,2.0,1.0,1
6.708135145835193,1.0,1.0,2.0,1.0,5.0,2.0,1
6.536096347826441,1.0,0.46390365217355867,1.0,1.0,1.0,0.0,1
6.0,1.0,1.9013406915537712,1.0986593084462288,1.0,5.0,2.0,1
5.1262487725583,1.0,2.8737512274417,1.0,1.0,2.0,1.0,1
10.332443274830766,1.0,2.0,1.0,1.0,3.0,1.0,1
9.0,1.0,0.0,2.0,1.0,2.748150406450939,2.0,1
8.446497294601661,1.0,0.0,0.5535027053983383,1.0,0.5535027053983383,3.3125777182866805,1
6.025470041021369,1.0,3.02453667799592,2.0,1.0,3.0,0.02547004102136874,1
9.630522426878642,1.0,3.0,1.0,1.0,0.369477573121359,0.0,1
4.0,1.0,0.5830789667351965,2.0,1.0,2.4169210332648037,1.0,1
5.0,1.0,1.0,0.26180063739697934,1.0,5.0,0.7381993626030207,1
7.0,1.0,2.0,0.0,1.0,4.799511074228668,0.20048892577133115,1
5.127143596340076,1.0,0.0,2.0,1.0,1.0,0.8728564036599239,1
4.168439219118579,1.0,1.3330049230936636,2.0,1.0,1.0,2.0,1
8.610578305298853,1.0,1.6105783052988532,0.0,1.0,1.0,2.0,1
8.3072399762295,1.0,2.3072399762294995,2.0,1.0,4.0,0.0,1
5.0,1.0,0.6422251042318547,1.0,1.0,2.0,1.6422251042318547,1
8.0,1.0,1.0,0.9314065244335838,1.0,1.0,0.0,1
7.742940726641482,1.0,0.0,1.0,1.0,2.0,0.0,1
10.490384365328856,1.0,2.0,2.0,1.0,5.0,1.0,1
8.0,1.0,2.0,0.0,1.0,5.0,1.573108651005739,1
7.197766832428195,1.0,2.0,1.0,1.0,6.0179239129444575,1.0,1
8.388676744610505,1.0,0.3886767446105046,0.0,1.0,0.0,0.0,1
6.0,0.729692227053008,3.0,2.270307772946992,1.0,3.0,0.27030777294699204,1
7.0,1.0,2.9605895423503634,2.0,1.0,1.0,0.03941045764963658,1
11.0,1.0,3.0,0.0,1.0,4.726457922156774,0.0,1
4.400287644172102,1.0,1.0,0.0,1.0,1.0,2.0,1
7.0,1.0,3.0,0.0,1.0,4.0,1.7845963672448564,1
6.439527784341376,1.0,2.560472215658624,1.0,1.0,4.0,0.0,1
9.0,1.0,0.0,2.0,1.0,3.0,1.0,1
11.0,1.0,1.0,1.0727029113930708,0.9272970886069292,4.0,2.0,1
6.442902752473292,1.0,3.42667234857716,1.0,1.0,0.0,1.4429027524732916,1
8.0,1.0,2.0,0.054478757325126304,1.0,5.0,1.0,1
5.343848877821736,1.0,3.0,2.3438488778217357,1.0,3.3438488778217357,2.3438488778217357,1
2.997841868725906,0.0,8.995683737451813,4.9978418687259065,0.0,9.0,5.0,1
9.0,1.0,3.0,1.36757194961748,0.6324280503825199,2.63242805038252,0.0,1
4.0,1.0,0.8233502850293706,0.0,1.0,2.1766497149706296,2.0,1
9.436356763993233,1.0,1.0,2.0,0.4363567639932323,4.563643236006768,1.0,1
5.60410195912317,1.0,1.0,0.0,1.0,4.0,0.0,1
4.911683357003289,1.0,3.0,2.0,1.0,2.0,1.0,1
9.0,1.0,2.0,2.0,1.0,3.0,0.0,1
8.39911344267075,1.0,3.0,1.0,1.0,2.0,2.0,1
4.0,1.0,1.0,0.0,1.0,2.0,0.0,1
10.0,1.0,3.0,1.0,1.0,2.0,0.0700748768122691,1
11.0,1.0,2.0,1.0,1.0,5.0,1.2105971594882736,1
11.0,1.0,3.0,0.1594896878797003,1.0,5.0,2.0,1
1.641226346180403,0.0,4.694049231528284,4.358773653819597,0.0,12.0,5.358773653819597,1
5.0,1.0,3.0,1.4084940129760604,1.0,3.0,1.0,1
9.0,1.0,2.3736167736325493,1.0,1.0,1.6263832263674507,0.0,1
8.3608281970103,1.0,2.0,1.6391718029897007,1.0,1.0,0.0,1
7.0,1.0,0.050690399315649004,2.949309600684351,1.0,2.0,0.949309600684351,1
9.0,1.0,0.01779799004553584,2.0,1.0,2.982202009954464,1.0,1
9.0,1.0,1.418980707782534,1.0,1.0,2.0,0.0,1
6.024280993950496,1.0,0.0,0.0,1.0,3.0,1.0,1
4.0,1.0,0.22256083696560602,0.0,1.0,1.222560836965606,0.0,1
8.0,1.0,2.4933206694175594,2.0,1.0,1.0,1.4933206694175591,1
6.117511796577076,1.0,0.117511796577076,0.0,1.0,2.0,2.0,1
10.263167974731127,1.0,3.0,1.0,1.0,2.0,0.7368320252688723,1
9.0,1.0,2.296475187797583,1.7035248122024174,1.0,3.0,0.0,1
10.9056012028455,1.0,2.0,0.0,1.0,4.905601202845499,0.0,1
7.0,1.0,1.0,0.6326327781969929,1.0,2.0,2.0,1
5.0,1.0,1.5538044737914136,0.0,1.0,1.5538044737914136,0.0,1
8.65493539494792,1.0,2.0,2.0,1.0,3.0,0.3450646050520807,1
4.735521190503563,1.0,3.0,1.0,1.0,4.464817130854926,0.0,1
5.0,1.0,2.4388830018619587,0.0,1.0,4.0,0.0,1
4.753252201387325,1.0,3.0,1.4993034983339228,1.0,2.0,1.0,1
9.0,1.0,0.0,0.0,1.0,2.722258168911406,0.0,1
8.0,1.0,2.0,2.0,1.0,0.7032158788527404,0.0,1
10.650781525703126,1.0,0.0,2.0,1.0,2.0,2.0,1
9.0,1.0,3.0,1.759072824107799,1.0,1.0,2.0,1
10.0,1.0,3.0,2.0,1.0,1.0,2.0,1
4.0,1.0,2.0,0.30711411297403823,1.0,1.0,1.0,1
5.0,1.0,3.0,2.0,1.0,2.0181003908028856,1.0,1
5.937327249241661,1.0,3.0,0.0,1.0,5.0,0.0,1
4.0,1.0,1.4954422013040571,2.0,1.0,2.0,2.0,1
11.0,1.0,0.9929113756563314,1.0,1.0,0.9929113756563314,1.0,1
9.0,1.0,2.0,1.0,1.0,4.0,1.9961864022996543,1
5.530600558989531,1.0,2.4693994410104687,1.0,1.0,5.0,2.0,1
6.680170363256116,0.6801703632561166,3.655245163193172,2.3198296367438833,1.0,3.0,1.0,1
4.743648706934373,1.0,3.246957165342292,2.0,1.0,5.325274648161912,0.7436487069343729,1
10.507126668854244,1.0,1.0,0.5071266688542447,1.0,0.49287333114575527,2.0,1
4.802927835500368,0.6012170251886908,0.0,1.3987829748113092,1.0,6.268862911795962,1.3987829748113092,1
7.0,1.0,0.0,0.7949844868338566,1.0,1.0,0.0,1
9.0,1.0,2.9599792848518183,1.0,1.0,0.9599792848518182,2.0,1
4.396375869660211,1.0,3.0,1.0,1.0,3.0,1.0,1
5.047722804679802,1.0,1.9522771953201983,2.0,1.0,5.0,2.0,1
4.890243796025572,1.0,0.8902437960255716,2.8902437960255716,1.0,1.0,0.0,1
10.0,1.0,1.0,1.6308247761954382,1.0,4.0,1.0,1
1.2947456774118615,0.0,5.399707535080846,4.7052543225881385,0.0,12.0,5.7052543225881385,1
7.0,1.0,0.0,1.0,1.0,1.0477821675640264,0.0,1
8.609788191853758,1.0,3.0,2.3902118081462422,0.0,2.0,0.0,1
7.0,1.0,0.38913301316246185,0.0,1.0,2.0,1.389133013162462,1
9.0,1.0,0.0,2.0,1.0,3.0,1.0,1
6.569107670025575,1.0,3.0,0.0,1.0,0.5691076700255748,0.0,1
8.0,1.0,2.0,0.0,1.0,5.0,1.1110429895161107,1
8.0,1.0,1.0,0.17417440160470654,1.0,1.0,0.0,1
11.0,1.0,2.0,1.3644165978929577,1.0,1.0,0.6355834021070424,1
7.293752277527072,1.0,1.0,1.0,1.0,2.0,2.2937522775270724,1
6.0,1.0,2.5663666227938573,0.0,1.0,2.5663666227938573,0.0,1
4.0,1.0,0.0,2.0,1.0,1.4392023515962364,0.0,1
10.0,1.0,1.0,0.0,1.0,2.0,1.0,1
9.0,1.0,2.0,0.3043825903396594,1.0,0.6956174096603406,2.0,1
8.294622373324728,1.0,0.0,1.2946223733247275,1.0,4.294622373324728,2.0,1
6.696676936570536,1.0,1.6966769365705356,2.0,1.0,4.0,0.0,1
7.0,1.0,3.560762418007681,0.4179064585567672,1.0,1.4179064585567671,0.0,1
8.670181442489387,1.0,0.670181442489387,0.0,1.0,0.0,0.0,1
4.0,1.0,1.0,1.9035409354257737,1.0,1.0,2.0,1
0.5998530853209963,0.0,7.800293829358007,5.0,0.0,14.0,8.400146914679004,1
9.0,1.0,1.8976929068258248,1.0,1.0,2.0,0.0,1
4.6334741427589075,1.0,3.2488547607367493,0.0,1.0,2.0,1.2583210720449503,1
9.666963120652344,1.0,3.0,2.3330368793476564,1.0,4.0,2.0,1
8.0,1.0,2.0,2.0,1.0,3.0,1.0,1
10.0,1.0,3.0,0.2252958514083765,1.0,2.0,0.0,1
7.0,1.0,1.7927720833395266,0.0,1.0,5.262943817739219,1.0,1
10.0,1.0,2.0,2.0,1.0,2.0,1.0,1
9.108155349118304,1.0,0.0,1.0,1.0,2.0,1.0,1
7.940242421115439,1.0,1.0,0.0,1.0,1.0,0.0,1
9.0,1.0,2.5815155404113797,1.4184844595886203,1.0,3.0,0.0,1
10.0,1.0,2.0,0.0,1.0,5.0,0.47790369653995746,1
10.0,1.0,0.0,0.0,1.0,3.2435596706663246,0.0,1
4.0,1.0,1.572701770558441,2.0,1.0,5.0,0.572701770558441,1
9.177827488591964,1.0,3.0,0.0,1.0,0.8221725114080362,0.0,1
6.0,1.0,1.171750595230924,0.0,1.0,3.0,1.171750595230924,1
4.0,1.0,0.8055826718833797,2.0,1.0,4.805582671883379,0.0,1
10.0,1.0,0.0,0.0,1.0,2.2895525490890205,0.0,1
5.0,1.0,0.019099547451226773,0.0,1.0,5.0,1.9809004525487732,1
6.0,1.0,2.3338818507093926,2.0,1.0,2.0,1.3338818507093926,1
9.0,1.0,3.3196105577600417,0.0,1.0,4.66823161560973,0.0,1
5.0,1.0,1.0,2.9459399737845167,1.0,3.0,3.0305291364977034,1
9.254550806549851,1.0,0.0,0.0,1.0,2.0,0.0,1
1.9627652592929918,0.0,5.037234740707008,4.518617370353504,0.0,12.962765259292992,6.481382629646496,1
8.0,1.0,0.449994642622902,2.0,1.0,1.0,1.0,1
10.0,1.0,2.0,0.25210089877420494,1.0,5.0,2.252100898774205,1
6.626535777498628,1.0,2.0,2.0,1.0,4.0,0.0,1
8.803983021840178,1.0,0.0,1.0,1.0,4.0,2.0,1
9.156956329852274,1.0,0.15695632985227492,0.0,1.0,1.0,1.0,1
6.0,1.0,3.0,1.0,1.0,5.0,1.0,1
7.0,1.0,1.0,0.0,1.0,4.6073832659233025,0.0,1
7.0,1.0,1.0,0.0,1.0,2.0,2.0,1
11.0,1.0,0.10407400063017935,2.0,0.8959259993698206,4.0,2.0,1
8.0,1.0,2.0,0.45726154059223934,1.0,3.0,2.0,1
9.0,1.0,0.0,0.0,1.0,2.0,0.0,1
4.4499715769378305,0.8895953754513062,3.0,0.0,0.8895953754513062,2.0,0.8895953754513062,1
6.835538032525309,1.0,0.0,1.0,1.0,3.8355380325253092,2.0,1
0.14625266090248157,0.0,6.853747339097518,6.707494678195037,0.0,12.853747339097518,6.0,1
10.611194027653825,1.0,3.0,1.6111940276538252,1.0,4.0,1.0,1
10.173601077810547,1.0,2.0,0.0,1.0,5.0,0.8263989221894528,1
9.0,1.0,1.0,0.6095828188127802,1.0,2.0,0.0,1
6.0,1.0,1.0,0.0,1.0,3.0264248569020546,1.0,1
9.0,1.0,0.1184862662731001,1.0,1.0,2.0,1.1184862662731,1
8.61150656806321,1.0,1.0,0.3884934319367913,1.0,5.0,2.0,1
4.462064335870639,1.0,2.9135028019965157,1.0,1.0,4.0,2.0,1
10.0,1.0,1.0,0.0,1.0,1.8415754976587568,1.0,1
7.0,1.0,0.6961248516283035,0.3038751483716965,1.0,0.3038751483716965,2.0,1
4.061857815976575,1.0,1.0,0.0,1.0,3.0,2.0,1
9.581095083303506,1.0,1.0,2.0,1.0,4.0,1.418904916696495,1
8.217047131828027,1.0,0.0,0.0,1.0,4.782952868171973,2.0,1
10.269386498844785,0.7306135011552144,0.0,2.0,1.0,3.0,2.0,1
10.316676165115876,1.0,2.0,0.0,1.0,4.683323834884125,1.0,1
2.0,0.0,7.99963867307814,6.99963867307814,0.0,14.0,7.00036132692186,1
9.0,1.0,1.0,0.24619174326175075,1.0,2.0,0.0,1
8.48129496191475,1.0,3.0,3.0,1.0,4.0,2.0,1
0.36724059505690765,0.0,6.6327594049430925,6.265518809886185,0.0,12.632759404943092,6.0,1
6.0,1.0,3.0,1.048025269425556,1.0,0.0,1.048025269425556,1
6.0,1.0,0.0,0.710541969446256,1.0,2.710541969446256,2.0,1
7.0,1.0,0.1420386944536598,1.0,1.0,1.0,1.8579613055463402,1
5.0,1.0,0.0,0.08514549692497952,1.0,2.0,0.08514549692497952,1
7.0,1.0,1.0,1.7835033553668649,1.0,1.0,1.0,1
6.0,1.0,2.0,2.0,1.0,4.61728032250857,2.0,1
6.692487064712969,1.0,3.667110512658653,1.3075129352870314,1.0,0.0,2.0,1
5.806111864140116,1.0,1.193888135859884,2.806111864140116,1.0,0.806111864140116,3.0,1
7.0,1.0,3.552953135789466,2.0,1.0,2.573987198014083,1.0,1
0.6736440435643907,0.0,8.550903970957073,5.550903970957073,0.0,9.224548014521464,9.0,1
6.0,1.0,0.9244028878194639,0.0,1.0,4.0,1.0,1
5.336740276285358,1.0,3.0,1.0,1.0,5.0,0.33674027628535763,1
1.3036985845874334,0.0,6.303698584587433,4.696301415412567,0.0,12.0,6.303698584587433,1
6.491795327446917,1.0,3.4737732294714134,2.0,1.0,3.0,0.491795327446917,1
6.0,1.0,3.0,0.8769504822870228,1.0,3.8769504822870227,0.0,1
10.236071767084443,1.0,2.0,0.0,1.0,5.299542709775584,0.0,1
10.0,1.0,0.0,0.0,1.0,2.339190862755104,0.0,1
5.0,1.0,0.0,1.0,1.0,4.0,1.3932987761708229,1
10.0,1.0,2.0,0.0,1.0,4.121796664502278,0.0,1
10.0,1.0,2.0,2.0,1.0,2.0,1.0,1
5.0,1.0,0.20234479660200244,1.7976552033979976,1.0,5.0,0.7976552033979976,1
4.0,1.0,0.7637805638301752,2.0,1.0,4.763780563830175,0.0,1
10.649095039874481,1.0,2.0,2.0,1.0,2.0,0.0,1
8.0,1.0,2.0,2.0,1.0,0.9943216957615113,0.9943216957615113,1
2.0,0.0,6.341112969634133,4.0,0.0,12.0,6.56604284238145,1
7.0,1.0,3.963354474982382,0.6077053886361796,1.0,0.3922946113638204,2.0,1
7.0,1.0,2.0,0.0,1.0,3.456063747626393,1.0,1
5.0,1.0,3.0,2.0,1.0,3.0,1.6572431687355702,1
2.0,0.0,8.0,6.1751749151779185,0.0,14.0,3.700699660711673,1
4.937917145863909,1.0,3.0,0.8743729977288935,1.0,2.0,1.0,1
5.0,1.0,1.0,0.0,1.0,2.567084630555986,2.0,1
4.0,1.0,1.0,0.0,1.0,3.0,1.5504102050379824,1
9.0,1.0,2.0,1.0,1.0,1.571673825404718,0.0,1
6.0,1.0,1.0,2.0,1.0,4.452141650950498,0.0,1
5.0,1.0,0.14547423216745614,1.0,1.0,2.0,1.145474232167456,1
7.0,1.0,2.3015911429916747,0.0,1.0,5.0,1.3015911429916749,1
9.0,1.0,3.0,0.0,1.0,5.0,1.6533265705125046,1
5.0,1.0,0.8276507534252933,0.8276507534252933,1.0,5.0,2.0,1
5.638335333533052,1.0,0.3616646664669476,2.0,1.0,1.0,1.6383353335330524,1
8.0,1.0,0.0,1.0,1.0,0.01991449213640084,2.0311607361964987,1
6.186260783160005,1.0,2.0,1.0,1.0,2.8137392168399953,2.0,1
6.0,1.0,3.0,2.6660332767359867,1.0,1.0,0.33396672326401355,1
11.0,1.0,1.0,1.0,1.0,0.30860347087553786,2.48288006941936,1
6.0,1.0,2.0,0.698981035258446,1.0,2.698981035258446,0.0,1
4.0,1.0,1.0,0.23228929758507189,1.0,1.0,2.0,1
6.71849971950387,1.0,2.0,1.0,1.0,2.2815002804961297,2.0,1
6.094853525479733,1.0,0.0,1.0,1.0,1.9051464745202673,2.0,1
7.0,1.0,0.0,1.0,1.0,1.007353162092191,0.0,1
6.0,1.0,0.0,0.0,1.0,3.0,1.290162944007835,1
10.0,1.0,3.0,0.6533133577312598,1.0,2.0,2.0,1
11.0,1.0,2.0,0.0,1.0,6.004818080166866,0.0,1
6.320961566844523,1.0,2.0,2.0,0.3209615668445229,3.0,1.0,1
4.0,0.9800428857303258,2.0,0.01995711426967417,1.0,4.0,1.0,1
5.991440019399724,1.0,3.0,0.0,1.0,0.008559980600275297,0.0,1
6.538762156679065,1.0,2.0,2.0,0.5387621566790647,3.0,1.0,1
5.0,1.0,0.0,0.06302225319971444,1.0,4.936977746800285,2.0,1
8.0,1.0,3.0,0.0,1.0,2.358530935410341,0.6414690645896588,1
5.776966104136584,1.0,2.776966104136584,0.776966104136584,1.0,0.0,1.0,1
8.0,1.0,1.8620886728189456,0.0,1.0,4.862088672818945,2.0,1
10.5577944444386,1.0,2.0,0.0,1.0,5.0,0.44220555556140173,1
8.0,1.0,1.1227304729406247,1.0,1.0,5.0,1.8772695270593753,1
7.112924334733538,1.0,2.0,2.0,1.0,1.0,1.0,1
10.0,1.0,3.0,1.8827237020576533,1.0,4.0,1.0,1
1.8331089410417252,0.0,6.833108941041726,6.0,0.0,13.666217882083451,8.0,1
1.0,0.0,6.749255942265955,5.250744057734045,0.0,13.49851188453191,8.0,1
10.333856876771698,1.0,3.0,0.666143123228303,1.0,2.0,1.333856876771697,1
5.69333387593222,1.0,0.30666612406778015,2.0,1.0,1.0,1.6933338759322198,1
8.484537004916769,1.0,2.0,0.0,1.0,3.0,2.0,1
9.430616454710748,1.0,0.0,0.43061645471074816,1.0,1.0,1.0,1
8.0,1.0,0.0,0.20968373393048412,1.0,0.7903162660695159,2.0,1
7.0,0.734052517643832,0.734052517643832,0.734052517643832,1.0,5.0,2.0,1
4.292808785070763,1.0,2.0,2.0,1.0,2.0,2.0,1
9.0,1.0,2.0,0.6605884416939504,1.0,0.33941155830604963,2.0,1
10.0,1.0,0.0,0.0,1.0,2.1941125871127767,0.0,1
10.0,1.0,2.7809331522159026,1.0,1.0,4.219066847784097,3.4410137483942362,1
9.0,1.0,2.494334047577299,0.0,1.0,2.0,0.0,1
9.0,1.0,3.0,0.0,1.0,5.0,1.4880210638269271,1
10.20587678531883,1.0,2.794123214681169,0.0,1.0,2.0,0.0,1
9.0,1.0,0.0,0.0,1.0,2.0,0.0,1
11.0,1.0,1.9023285738479045,1.0,1.0,1.0,1.9023285738479045,1
4.557736036238027,1.0,0.0,0.44226396376197274,1.0,5.0,2.692022202203919,1
5.4234882163837534,1.0,3.0,0.0,1.0,5.0,0.5765117836162462,1
1.0063699891533129,0.0,4.012739978306626,5.012739978306626,0.0,6.019109967459938,6.987260021693374,1
7.0,1.0,1.0,0.0,1.0,4.151865158705296,0.0,1
6.9748591992258895,1.0,2.0,2.0,1.0,4.0,0.0,1
10.0,1.0,0.0,0.0,1.0,2.0,0.5348638276071751,1
9.0,1.0,1.9974137809487704,1.0,1.0,2.9974137809487704,2.0,1
4.0,1.0,1.0,0.3614920987120659,1.0,2.361492098712066,2.0,1
4.099981781711454,1.0,0.9000182182885452,0.0,1.0,0.9000182182885452,2.0,1
8.0,1.0,2.0,2.0,1.0,1.0,0.20621947732309331,1
6.0,1.0,3.0,1.0,1.0,5.0,1.0,1
8.0,1.0,0.3193668335691926,1.0,1.0,1.0,0.6806331664308074,1
0.8729298543421417,0.0,8.127070145657859,5.872929854342142,0.0,12.254140291315716,8.127070145657859,1
6.0,1.0,0.7504836292372723,0.0,1.0,1.0,0.0,1
4.637452492340337,1.0,1.0,0.0,1.0,3.0,2.0,1
8.706099527979921,1.0,1.0,0.0,1.0,0.2939004720200783,0.0,1
9.0,1.0,0.0,2.0,1.0,3.0,1.0,1
5.0,1.0,3.0,2.0,1.0,1.5702807782935957,1.0,1
4.0,1.0,3.0,2.0,1.0,3.0,2.0,1
4.892924120573179,1.0,3.0,1.2166720898244603,1.0,2.0,1.0,1
8.0,1.0,0.10598331147850781,2.0,1.0,0.10598331147850781,0.0,1
10.0,1.0,2.9335428706047484,1.0,1.0,4.066457129395252,3.527196520577849,1
5.0,1.0,1.7712967375346622,0.0,1.0,4.0,0.0,1
10.0,1.0,2.7552922131593,1.0,1.0,2.0,1.0,1
11.0,1.0,2.6786560998761773,2.0,1.0,5.0,1.6786560998761773,1
6.0,1.0,2.218459031819219,2.0,1.0,0.21845903181921889,1.0,1
4.537188235395048,1.0,3.0611565344364235,0.0,1.0,2.0,1.0634828985847,1
4.7615808244171225,1.0,0.7615808244171224,0.23841917558287762,1.0,4.2384191755828775,2.3730608334693635,1
4.939278200772835,1.0,1.0,0.0,1.0,1.8771271437892518,2.0,1
7.0,1.0,1.0,1.334142326861893,1.0,5.0,2.0,1
7.982329156918768,1.0,0.017670843081232013,0.0,1.0,4.0,0.0,1
7.0,1.0,3.0,1.0,1.0,1.7487171997717226,0.2512828002282774,1
7.0,1.0,2.0,1.0,1.0,1.0,2.0,1
4.046160247599703,1.0,2.0,2.0,1.0,1.9087410296582883,2.0,1
7.0,1.0,0.0,0.0,1.0,2.570262496446623,1.0,1
7.0,1.0,2.0882118890443735,0.9117881109556266,1.0,1.0,2.0,1
8.0,1.0,0.0,1.0,1.0,2.2344623992180734,0.0,1
8.0,1.0,2.0,0.2601073600312218,1.0,5.0,1.0,1
11.0,1.0,2.0,2.0,1.0,2.3308452296612856,0.0,1
7.0,1.0,0.0,0.6998071259674777,1.0,1.0,0.0,1
9.0,0.2514344679366637,3.0,0.7485655320633363,1.0,5.0,0.7485655320633363,1
9.0,1.0,2.0,0.9544480633979276,1.0,4.0,1.0,1
7.0,1.0,2.0,1.0,1.0,1.8932059616330523,2.0,1
9.898356514896545,1.0,1.0,0.0,1.0,0.8983565148965442,0.0,1
10.382484856173887,1.0,2.0,1.0,1.0,3.0,1.0,1
11.0,1.0,2.0,2.0,1.0,2.283154003697259,0.0,1
1.9374585623382403,0.0,7.06254143766176,4.06254143766176,0.0,11.93745856233824,7.06254143766176,1
4.991257743194007,1.0,2.0,0.0,1.0,4.0,0.008742256805992832,1
7.0,1.0,2.0,2.0,1.0,3.442613702799626,1.0,1
7.0,1.0,1.173278389894068,2.0,1.0,1.0,1.0,1
4.0,1.0,2.0,0.4113378531547275,1.0,4.0,0.5886621468452725,1
5.0,1.0,2.8452811965306646,0.0,1.0,0.8452811965306644,0.15471880346933564,1
8.0,1.0,0.0,0.7421807378503069,1.0,4.2578192621496935,0.0,1
6.0,1.0,3.0,1.0,1.0,4.0,0.669189848349919,1
2.0723731084354164,0.0,8.072373108435416,4.072373108435417,0.0,9.927626891564584,4.072373108435417,1
8.0,1.0,2.0,1.1094218280035877,1.0,1.0,0.8905781719964122,1
10.633183839014674,1.0,2.0,2.0,1.0,2.0,0.36681616098532666,1
10.0,1.0,2.0,0.0,1.0,5.101831912512395,2.0,1
2.5996281086404833,0.0,4.400371891359517,4.200185945679758,0.0,13.599628108640484,6.799814054320242,1
10.0,1.0,0.0,0.0,1.0,3.0858141460228232,0.0,1
6.0,1.0,2.0,0.2327596121613097,1.0,2.23275961216131,0.0,1
5.20317898204882,1.0,1.7968210179511797,3.0,1.0,3.7968210179511797,3.449986049290948,1
1.3700998833287366,0.0,6.0,7.0,0.0,8.370099883328736,5.629900116671264,1
6.0,1.0,2.0123915962312005,1.0,1.0,0.9876084037687994,1.0,1
5.6737834689766125,1.0,3.0,2.0,1.0,1.0,1.0,1
4.0,1.0,1.0,0.0,1.0,2.7135761652229857,2.0,1
6.0,1.0,2.0,0.4882915466742891,1.0,5.64928787807747,2.0,1
9.0,1.0,0.0,0.0,1.0,2.0,0.0,1
8.112062666456204,1.0,1.112062666456204,0.0,1.0,1.0,2.0,1
5.0,1.0,0.0,1.5501468397993297,1.0,5.0,0.5501468397993297,1
6.0,1.0,1.9292653061813931,1.0707346938186069,1.0,5.0,2.0,1
6.0,1.0,3.0,1.909179935850375,1.0,0.0,1.909179935850375,1
5.0,1.0,3.0,1.6112964705614634,1.0,3.0,1.0,1
7.0,1.0,2.1222137811257618,2.0,1.0,2.8777862188742382,1.0,1
6.917655187355912,1.0,0.0,0.0,1.0,3.0,1.0,1
9.823907812845661,1.0,0.0,2.0,1.0,3.0,2.0,1
5.0,1.0,3.0,2.0,1.0,3.0,1.432117659900021,1
4.0,1.0,0.0,2.0,1.0,1.8244893211715603,0.0,1
5.646646424088057,1.0,2.0,1.3533535759119433,1.0,5.0,2.0,1
10.0,1.0,2.0,1.7627112736455328,1.0,2.0,1.0,1
6.0,1.0,2.0,1.0,1.0,2.314931010878966,1.3149310108789656,1
9.0,1.0,0.0,2.0,1.0,3.0,1.0,1
8.0,1.0,0.0,0.0,1.0,3.18146472628127,0.0,1
8.0,0.6692394697473042,2.3307605302526957,2.3307605302526957,1.0,4.330760530252696,0.0,1
6.0,1.0,1.9170471170695893,0.08295288293041081,1.0,2.0,0.0,1
9.0,1.0,3.0,0.0,1.0,5.0,1.779224340989935,1
10.0,1.0,2.121656849370964,1.0,1.0,1.121656849370964,2.0,1
4.920669987833635,1.0,3.963354474982382,0.0,1.0,1.9206699878336349,2.0,1
7.984603214935644,1.0,2.0,0.0,1.0,5.0,1.984603214935644,1
6.0,1.0,3.0,1.0,1.0,4.324965446406057,1.0,1
5.0,1.0,0.0,1.000680493513415,1.0,4.000680493513415,1.0,1
4.93811876552846,0.9381187655284605,3.0,0.9381187655284605,0.9381187655284605,2.0,0.0,1
7.808595952097255,1.0,2.0,2.0,1.0,3.0,1.0,1
10.0,1.0,2.0,0.0,1.0,5.543425690504549,1.4282777008080236,1
10.0,1.0,0.0,0.0,1.0,2.0,0.6066541504066103,1
8.0,1.0,1.0,0.5539831660419529,1.0,1.0,0.0,1
9.0,1.0,1.0,0.3385591498575632,1.0,2.0,0.0,1
6.0,1.0,3.0,1.0,1.0,4.0,1.0,1
7.0,1.0,3.7182962537157893,0.0,1.0,1.0,0.0,1
10.0,1.0,3.0,1.366433022214101,1.0,4.0,1.0,1
4.0,1.0,2.0,0.04977275870139142,1.0,2.9502272412986086,1.0,1
5.183264283305007,1.0,2.0,0.0,1.0,3.8167357166949927,2.0,1
6.011386212075337,1.0,0.0,0.0,1.0,3.0,1.0,1
9.625835840166863,1.0,1.0,1.6258358401668631,1.0,2.0,2.0,1
5.0,1.0,0.0,1.0,1.0,3.292271758486629,2.0,1
10.0,1.0,3.0,1.0980831433865972,1.0,2.0,1.9019168566134028,1
7.0,1.0,1.0,2.0,1.0,1.2890178643166548,0.7109821356833452,1
6.176145511016737,1.0,0.8238544889832623,1.0,1.0,0.1761455110167377,0.0,1
9.0,1.0,0.0,1.0,1.0,4.0,1.7374263288953358,1
8.120576336036086,1.0,2.8794236639639132,3.0,1.0,4.0,2.0,1
4.643706599889987,1.0,3.0,0.27902683586868204,1.0,2.0,1.0,1
1.3573828133608898,0.0,7.0,5.35738281336089,0.0,14.0,8.0,1
4.0,1.0,1.0,2.0,1.0,1.5267903167712507,1.5267903167712507,1
10.0,1.0,3.0,2.0,0.5468288473717909,3.546828847371791,2.0,1
6.128211847254915,1.0,3.1235134567987806,1.0,1.0,0.0,1.1282118472549154,1
4.813704081906241,1.0,0.0,1.6230231671669086,1.0,3.0,1.0,1
7.0,1.0,1.0,2.0,1.0,4.717387210942456,2.0,1
4.6164412080931125,0.22385428485032766,1.2238542848503275,2.0,1.0,4.2238542848503275,2.0,1
4.0,1.0,3.0,2.0,1.0,3.0,2.0,1
4.9290877547352645,1.0,3.0,0.0,1.0,2.856506391001388,1.0,1
7.765984501446164,1.0,1.0,1.0,1.0,5.0,2.0,1
4.0,1.0,2.0,1.0,0.19953075167963374,2.0,1.8004692483203661,1
4.306906129844242,1.0,0.6067544880614034,0.0,1.0,1.0,2.0,1
6.0,1.0,2.0,0.5682183831375316,1.0,5.54787167963208,2.0,1
10.0,1.0,0.5975932229040136,0.0,1.0,5.0,1.4024067770959863,1
5.0,1.0,3.0,0.5887306115179665,1.0,5.0,0.0,1
4.0,1.0,2.023889927442654,0.0,1.0,1.0,1.0121679135108133,1
7.0,1.0,0.0,0.1260454861932473,1.0,1.0,2.0,1
5.0,1.0,0.0,0.34604331770889774,1.0,4.0,0.34604331770889774,1
10.0,1.0,3.4487055306752152,2.0,0.5342259341418214,1.0,2.0,1
8.967590233040172,1.0,0.0,0.032409766959829,1.0,0.032409766959829,3.018302658519466,1
4.796025988026028,1.0,0.2039740119739718,2.0,1.0,1.0,1.0,1
6.0,1.0,3.0,1.0,1.0,0.0,1.0,1
11.0,0.8680225346169199,0.0,2.0,1.0,2.13197746538308,2.0,1
2.439769348404713,0.0,9.0,5.0,0.0,8.719884674202357,5.560230651595287,1
11.0,1.0,3.0,1.4121898265854924,1.0,4.0,0.0,1
8.312945262801286,1.0,2.0,0.0,1.0,5.0,0.6870547371987141,1
8.0,0.22872941263791857,2.7712705873620815,2.7712705873620815,1.0,4.771270587362081,0.0,1
5.211482813723699,1.0,3.0,2.211482813723699,1.0,3.211482813723699,2.211482813723699,1
5.0,1.0,2.474603626884934,0.0,1.0,0.47460362688493374,0.5253963731150663,1
9.645558349107604,0.354441650892396,0.0,2.0,1.0,3.0,1.0,1
4.3620045128486815,1.0,1.0,0.0,1.0,1.2843158167583921,2.0,1
5.0,1.0,0.3466905133164643,0.0,1.0,1.6533094866835358,0.0,1
1.0,0.0,8.0,6.48047497901813,0.0,12.96094995803626,7.0390500419637405,1
8.72888668989147,1.0,0.0,1.7288866898914694,1.0,0.0,2.0,1
5.0,1.0,0.23904514585244696,0.0,1.0,5.0,1.760954854147553,1
4.0,1.0,2.0,1.0,0.7619021530112648,2.761902153011265,2.0,1
8.0,1.0,0.0,0.2926631208998781,1.0,2.2926631208998782,0.0,1
9.368287455691206,1.0,3.0,0.6317125443087936,1.0,0.6317125443087936,0.0,1
1.0,0.0,6.997929107045099,5.002070892954901,0.0,13.995858214090198,8.0,1
4.0,1.0,0.0,0.0,1.0,3.0,1.7735572475116095,1
4.0,1.0,1.9350641469003513,0.0,1.0,1.0,1.0649358530996487,1
9.0,1.0,2.0,0.0,1.0,1.0,2.0,1
9.0,1.0,1.055554515582439,1.0,1.0,2.0,0.0,1
4.925379027835556,1.0,1.0,0.0,0.8490016419183111,5.0,1.0,1
5.0,1.0,3.0,2.0,1.0,3.0,1.2877645148765036,1
11.0,1.0,2.209316017573997,1.0,1.0,5.0,1.2093160175739972,1
7.527323352649752,1.0,2.0,2.0,1.0,0.0,0.0,1
6.972164175229746,1.0,1.0,0.0,1.0,1.0,0.0,1
8.0,1.0,0.0,0.0,1.0,3.1536036420300757,0.0,1
4.152330471530891,1.0,1.0,0.0,1.0,1.8476695284691096,0.0,1
6.0,1.0,0.0,1.0,1.0,2.3415112554696713,2.0,1
10.282481783914113,1.0,2.0,2.0,1.0,3.0,0.0,1
5.387701102409988,1.0,2.0,0.0,1.0,2.0,0.38770110240998823,1
10.0,1.0,2.42908289525743,1.0,1.0,2.0,1.0,1
11.0,1.0,2.0,1.0803717541003068,1.0,3.0,0.9196282458996932,1
8.0,1.0,0.9692297876402917,1.0,1.0,3.0,0.0,1
5.072137196998019,1.0,1.0,0.07213719699801913,1.0,4.0,0.0,1
8.0,1.0,0.462909198848412,1.0,1.0,1.537090801151588,0.0,1
4.669147955481894,1.0,1.0,0.0,1.0,1.3305083806719922,2.0,1
10.572849949571395,1.0,0.0,0.5728499495713959,1.0,2.0,0.0,1
10.110165715709003,1.0,3.0,2.0,1.0,4.0,1.0,1
5.341201457125948,1.0,0.0,0.0,1.0,0.6587985428740523,1.6587985428740524,1
4.3292294592576,1.0,2.0,2.0,1.0,1.3491122119067533,2.0,1
6.264685830608265,1.0,1.0,2.735314169391735,1.0,2.735314169391735,0.0,1
4.0,1.0,1.0,0.0,1.0,1.674877292063008,2.0,1
9.0,1.0,2.0,0.9908693523477263,1.0,4.0,1.0,1
4.0,1.0,0.0,2.0,1.0,1.8191374354466427,0.0,1
4.0,1.0,0.0,1.1047274696348037,1.0,2.8952725303651965,0.0,1
4.099048041063829,1.0,3.0,2.0,1.0,3.0,2.0,1
6.0,1.0,1.2906928577407764,1.7093071422592236,1.0,5.0,2.0,1
11.0,1.0,3.0,2.0,1.0,4.787350373395437,0.0,1
7.0,1.0,2.431857231071427,1.0,1.0,1.0,1.5681427689285732,1
8.0,1.0,2.0,2.0,1.0,0.23767109252596785,0.23767109252596785,1
